player_id,player_name,team_stats,age,gp,minutes,points,rebounds,assists,steals,blocks,fg_pct,fg3_pct,ft_pct,plus_minus,season,team_contract,salary,guaranteed,production_score,salary_millions,etd_ratio
1642267,Bub Carrington,WAS,19.0,82,2457.79,807,341,364,54,21,0.401,0.339,0.812,-798,2025-26,WAS,4677600.0,9578160.0,1912.2,4.6776,408.79938429964085
1627741,Buddy Hield,GSW,32.0,82,1862.9883333333328,912,264,134,69,23,0.417,0.37,0.828,141,2025-26,ATL,9219512.0,18878048.0,1613.8,9.219512,175.04180264638737
1629638,Nickeil Alexander-Walker,MIN,26.0,82,2073.1016666666665,773,265,223,50,34,0.438,0.381,0.78,270,2025-26,ATL,15161800.0,44727310.0,1593.5,15.1618,105.09965835191073
101108,Chris Paul,SAS,40.0,82,2292.1633333333334,723,296,605,103,22,0.427,0.377,0.924,4,2025-26,TOR,2296274.0,2296274.0,2235.7,2.296274,973.6207438659324
1630577,Julian Champagnie,SAS,24.0,82,1932.128333333333,815,318,111,61,35,0.415,0.371,0.904,-67,2025-26,SAS,3000000.0,,1555.1,3.0,518.3666666666667
1628969,Mikal Bridges,NYK,28.0,82,3036.076666666667,1444,259,306,75,43,0.5,0.354,0.814,334,2025-26,NYK,24900000.0,133382144.0,2449.8,24.9,98.38554216867472
203084,Harrison Barnes,SAS,33.0,82,2230.063333333333,1011,310,136,39,14,0.508,0.433,0.809,-25,2025-26,SAS,19000000.0,19000000.0,1693.0,19.0,89.10526315789474
1628386,Jarrett Allen,CLE,27.0,82,2296.0533333333333,1103,798,158,77,73,0.706,0.0,0.718,514,2025-26,CLE,20000000.0,110720000.0,2597.6,20.0,129.88
1630224,Jalen Green,HOU,23.0,82,2697.11,1723,377,282,71,27,0.423,0.354,0.813,166,2025-26,PHO,33584499.0,69835665.0,2794.4,33.584499,83.20505242612076
1630183,Jaden McDaniels,MIN,24.0,82,2614.41,1000,470,163,110,74,0.477,0.33,0.813,172,2025-26,MIN,24393104.0,108413793.0,2176.5,24.393104,89.22603699799747
202685,Jonas Valančiūnas,SAC,33.0,81,1523.763333333333,843,627,164,37,46,0.55,0.216,0.879,-304,2025-26,DEN,10395000.0,10395000.0,2007.4,10.395,193.11207311207312
1642264,Stephon Castle,SAS,20.0,81,2162.0216666666665,1190,297,332,74,22,0.428,0.285,0.724,-239,2025-26,SAS,9560520.0,19576440.0,2236.4,9.56052,233.92033069330958
1626145,Tyus Jones,PHX,29.0,81,2173.516666666667,829,196,429,69,8,0.448,0.414,0.895,-92,2025-26,DAL,7000000.0,7000000.0,1861.7,7.0,265.95714285714286
1630202,Payton Pritchard,BOS,27.0,80,2270.875,1144,307,279,70,14,0.472,0.407,0.845,430,2025-26,BOS,7232143.0,23303571.0,2098.9,7.232143,290.2182658722318
201572,Brook Lopez,MIL,37.0,80,2546.07,1041,401,143,50,148,0.509,0.373,0.826,134,2025-26,LAC,8750000.0,8750000.0,2132.7,8.75,243.73714285714283
1627826,Ivica Zubac,LAC,28.0,80,2624.1766666666667,1340,1010,214,55,90,0.628,0.0,0.661,514,2025-26,IND,18893980.0,61026420.0,3163.0,18.89398,167.40781984526288
1629675,Naz Reid,MIN,25.0,80,2200.116666666667,1138,480,181,58,72,0.462,0.379,0.776,340,2025-26,MIN,21551724.0,96551724.0,2245.5,21.551724,104.19120066682369
1641824,Matas Buzelis,CHI,20.0,80,1511.295,688,278,79,29,75,0.454,0.361,0.815,-35,2025-26,CHI,5455560.0,11170920.0,1348.1,5.45556,247.1057050055356
1631165,Keon Ellis,SAC,25.0,80,1948.1916666666664,666,212,120,121,63,0.489,0.433,0.849,64,2025-26,CLE,2301587.0,2301587.0,1468.4,2.301587,637.9945663579088
1627752,Taurean Prince,MIL,31.0,80,2165.86,656,287,155,76,15,0.457,0.439,0.813,-22,2025-26,MIL,3303774.0,3303774.0,1414.9,3.303774,428.26779313597115
1642377,Jaylen Wells,MEM,21.0,79,2043.4816666666663,823,268,135,44,8,0.425,0.352,0.822,186,2025-26,MEM,1955377.0,1955377.0,1451.1,1.955377,742.107532204787
1641763,Julian Phillips,CHI,21.0,79,1122.905,366,169,39,38,20,0.446,0.327,0.789,30,2025-26,MIN,2221677.0,2221677.0,743.3,2.221677,334.56708603455854
1630553,Keon Johnson,BKN,23.0,79,1925.2016666666664,839,297,175,82,30,0.389,0.314,0.77,-423,2025-26,BRK,2349578.0,2349578.0,1681.9,2.349578,715.8306725718405
1630590,Scotty Pippen Jr.,MEM,24.0,79,1682.88,779,259,347,103,30,0.48,0.397,0.713,44,2025-26,MEM,2270735.0,2270735.0,1876.3,2.270735,826.2963313640737
1630167,Obi Toppin,IND,27.0,79,1544.815,833,318,128,46,28,0.529,0.365,0.781,-77,2025-26,IND,14000000.0,45025000.0,1554.6,14.0,111.04285714285713
1631128,Christian Braun,DEN,24.0,79,2675.383333333333,1218,410,205,85,37,0.58,0.397,0.827,480,2025-26,DEN,4921797.0,129921797.0,2261.5,4.921797,459.4866468487018
204456,T.J. McConnell,IND,33.0,79,1415.4333333333334,720,193,351,83,21,0.519,0.306,0.74,-56,2025-26,IND,10200000.0,33000000.0,1686.1,10.2,165.30392156862746
1630162,Anthony Edwards,MIN,23.0,79,2871.0583333333334,2177,450,359,91,51,0.447,0.395,0.837,291,2025-26,MIN,45550512.0,202446720.0,3539.5,45.550512,77.70494434837528
1630592,Jalen Wilson,BKN,24.0,79,2031.3866666666668,749,270,145,40,5,0.397,0.337,0.818,-262,2025-26,BRK,2221677.0,2221677.0,1380.5,2.221677,621.377454958574
201935,James Harden,LAC,35.0,79,2789.036666666667,1802,456,687,118,55,0.41,0.352,0.874,344,2025-26,CLE,39182693.0,,3725.7,39.182693,95.08534801321593
1627777,Georges Niang,ATL,32.0,79,1697.2333333333331,784,272,111,28,14,0.461,0.406,0.793,194,2025-26,MEM,8200000.0,8200000.0,1360.9,8.2,165.96341463414637
1642261,Dalton Knecht,LAL,24.0,78,1493.795,706,216,66,24,8,0.461,0.376,0.762,-73,2025-26,LAL,4010160.0,8211240.0,1128.2,4.01016,281.3354080635187
1627783,Pascal Siakam,IND,31.0,78,2547.853333333333,1578,540,263,70,42,0.519,0.389,0.734,312,2025-26,IND,45550512.0,146773872.0,2844.5,45.550512,62.4471575643321
1628389,Bam Adebayo,MIA,27.0,78,2673.693333333333,1410,749,337,98,53,0.485,0.357,0.765,27,2025-26,MIA,37096620.0,140680620.0,3116.3,37.09662,84.00495786408574
201587,Nicolas Batum,LAC,36.0,78,1367.3733333333332,313,218,84,52,36,0.437,0.433,0.81,152,2025-26,LAC,5601600.0,5601600.0,876.5999999999999,5.6016,156.49100257069406
1641739,Toumani Camara,POR,25.0,78,2548.0516666666667,882,450,175,116,50,0.458,0.375,0.722,-114,2025-26,POR,2221677.0,83221677.0,2016.5,2.221677,907.6476913610754
1631105,Jalen Duren,DET,21.0,78,2033.5483333333327,918,807,209,54,89,0.692,0.0,0.669,36,2025-26,DET,6483144.0,6483144.0,2485.9,6.483144,383.44050355815017
1641710,Anthony Black,ORL,21.0,78,1886.993333333333,736,230,240,86,48,0.423,0.318,0.761,-40,2025-26,ORL,7970280.0,18076596.0,1640.0,7.97028,205.76441480098566
1631108,Max Christie,DAL,22.0,78,2127.141666666667,749,258,146,64,31,0.427,0.366,0.855,-83,2025-26,DAL,7714286.0,16000000.0,1467.6,7.714286,190.24443739835414
201942,DeMar DeRozan,SAC,35.0,77,2767.615,1710,298,342,62,32,0.477,0.328,0.857,110,2025-26,SAC,24570000.0,24570000.0,2768.6,24.57,112.68213268213267
203484,Kentavious Caldwell-Pope,MEM,32.0,77,2279.036666666667,673,169,136,99,34,0.439,0.342,0.863,11,2025-26,MEM,21621500.0,21621500.0,1345.8,21.6215,62.24360012025067
1629640,Keldon Johnson,SAS,25.0,77,1837.996666666667,979,371,125,49,22,0.482,0.318,0.773,-217,2025-26,SAS,17500000.0,35000000.0,1753.7,17.5,100.21142857142857
1629639,Tyler Herro,MIA,25.0,77,2725.08,1840,399,424,69,17,0.472,0.375,0.878,99,2025-26,MIA,31000000.0,64000000.0,3126.8,31.0,100.86451612903227
1628404,Josh Hart,NYK,30.0,77,2896.83,1051,737,453,119,27,0.525,0.333,0.776,203,2025-26,NYK,19472240.0,40396000.0,2906.9,19.47224,149.28431449078278
1627884,Derrick Jones Jr.,LAC,28.0,77,1873.388333333333,781,263,60,79,33,0.526,0.356,0.703,249,2025-26,LAC,10000000.0,20476190.0,1410.6,10.0,141.06
1629008,Michael Porter Jr.,DEN,27.0,77,2593.2633333333333,1398,540,165,50,38,0.504,0.395,0.768,265,2025-26,BRK,38333050.0,50333050.0,2469.5,38.33305,64.42221529463478
203501,Tim Hardaway Jr.,DET,33.0,77,2152.795,844,183,123,38,7,0.406,0.368,0.855,25,2025-26,DEN,2296274.0,2296274.0,1338.1,2.296274,582.7266258294959
1628401,Derrick White,BOS,30.0,76,2573.615,1248,341,361,72,80,0.442,0.384,0.839,540,2025-26,BOS,28100000.0,91044000.0,2502.7,28.1,89.06405693950177
1628983,Shai Gilgeous-Alexander,OKC,26.0,76,2597.63,2484,379,486,131,77,0.519,0.375,0.898,918,2025-26,OKC,38333050.0,276795400.0,4083.8,38.33305,106.53470047387307
1629027,Trae Young,ATL,26.0,76,2739.06,1841,236,880,91,12,0.411,0.34,0.875,34,2025-26,WAS,46394100.0,46394100.0,3650.2,46.3941,78.67810777663539
1631099,Keegan Murray,SAC,24.0,76,2610.173333333333,942,507,109,61,69,0.444,0.343,0.833,46,2025-26,SAC,11144093.0,151144093.0,1973.9,11.144093,177.12522679055175
1626172,Kevon Looney,GSW,29.0,76,1142.155,344,462,118,46,37,0.514,0.4,0.566,117,2025-26,NOP,8000000.0,8000000.0,1241.4,8.0,155.175
1630578,Alperen Sengun,HOU,22.0,76,2394.9766666666665,1451,786,372,84,61,0.496,0.233,0.692,410,2025-26,HOU,33944954.0,145963303.0,3242.2,33.944954,95.51345982086173
1630700,Dyson Daniels,ATL,22.0,76,2571.17,1073,449,333,229,55,0.493,0.34,0.593,-65,2025-26,ATL,7707709.0,107707709.0,2679.3,7.707709,347.61301964046646
1630598,Aaron Wiggins,OKC,26.0,76,1743.9,914,295,134,60,18,0.488,0.383,0.831,514,2025-26,OKC,10102803.0,27672900.0,1625.0,10.102803,160.84645023762218
1628415,Dillon Brooks,HOU,29.0,75,2388.2616666666668,1053,275,128,60,16,0.429,0.397,0.818,207,2025-26,PHO,21124110.0,41116837.0,1727.0,21.12411,81.75492363938646
1626220,Royce O'Neale,PHX,32.0,75,1836.8733333333328,680,349,163,67,33,0.423,0.406,0.731,-155,2025-26,PHO,10125000.0,32625000.0,1543.3,10.125,152.4246913580247
1631323,Simone Fontecchio,DET,29.0,75,1236.6816666666666,446,215,65,31,12,0.402,0.335,0.833,16,2025-26,MIA,8307692.0,8307692.0,887.5,8.307692,106.82870766032251
201566,Russell Westbrook,DEN,36.0,75,2092.2916666666665,994,370,457,106,37,0.449,0.323,0.661,-24,2025-26,SAC,2296274.0,2296274.0,2409.5,2.296274,1049.308575544556
1629656,Quentin Grimes,PHI,25.0,75,2013.09,1092,324,228,74,22,0.467,0.385,0.757,-261,2025-26,PHI,8741209.0,8741209.0,2014.8,8.741209,230.49443160551363
1642258,Zaccharie Risacher,ATL,20.0,75,1843.3866666666668,942,268,92,52,37,0.458,0.355,0.711,-121,2025-26,ATL,13197720.0,27023760.0,1579.6,13.19772,119.68733993447351
1642347,Jamal Shead,TOR,22.0,75,1466.825,533,115,316,58,10,0.405,0.323,0.768,-234,2025-26,TOR,1955377.0,1955377.0,1281.0,1.955377,655.1166347972795
1629645,Kevin Porter Jr.,MIL,25.0,75,1482.02,771,278,256,81,13,0.449,0.311,0.769,27,2025-26,MIL,5134000.0,5134000.0,1676.6,5.134,326.5679781846513
1641716,Jarace Walker,IND,21.0,75,1186.62,461,229,110,54,25,0.472,0.405,0.667,-146,2025-26,IND,6665520.0,15144062.0,1058.8,6.66552,158.84732173933915
1629636,Darius Garland,CLE,25.0,75,2300.77,1544,214,506,91,11,0.472,0.401,0.878,499,2025-26,LAC,39446090.0,126499530.0,2763.8,39.44609,70.0652460104411
1626164,Devin Booker,PHX,28.0,75,2794.9666666666667,1923,305,529,67,16,0.461,0.332,0.894,-177,2025-26,PHO,53142264.0,235302136.0,3248.5,53.142264,61.12837044353248
203471,Dennis Schröder,DET,31.0,75,2104.778333333333,980,198,404,66,12,0.406,0.342,0.838,-72,2025-26,CLE,14104000.0,28913200.0,1979.6,14.104,140.35734543391945
1628384,OG Anunoby,NYK,27.0,74,2705.776666666666,1332,358,164,110,65,0.476,0.372,0.81,301,2025-26,NYK,39568966.0,127500000.0,2357.6,39.568966,59.58204720335628
1629130,Duncan Robinson,MIA,31.0,74,1785.595,817,167,176,40,6,0.437,0.393,0.887,66,2025-26,DET,16834692.0,16834692.0,1373.4,16.834692,81.58153413201738
203897,Zach LaVine,SAC,30.0,74,2602.48,1724,315,310,58,12,0.511,0.446,0.825,-70,2025-26,SAC,47499660.0,47499660.0,2707.0,47.49966,56.98988161178417
1642346,Ryan Dunn,PHX,22.0,74,1410.4166666666667,511,267,57,44,40,0.43,0.311,0.487,-169,2025-26,PHO,2657760.0,5442000.0,1084.9,2.65776,408.2008909758594
1630168,Onyeka Okongwu,ATL,24.0,74,2063.9266666666667,988,660,168,69,68,0.567,0.324,0.759,40,2025-26,ATL,15000000.0,48000000.0,2306.0,15.0,153.73333333333332
1629632,Coby White,CHI,25.0,74,2450.2566666666667,1509,273,330,69,16,0.453,0.37,0.902,-141,2025-26,CHO,12888889.0,12888889.0,2501.6,12.888889,194.0896534992271
1641783,Tristan da Silva,ORL,24.0,74,1628.611666666667,533,245,113,33,18,0.412,0.335,0.873,-127,2025-26,ORL,3809520.0,7800720.0,1098.5,3.80952,288.35653835653835
1629312,Haywood Highsmith,MIA,28.0,74,1818.3266666666664,478,252,112,68,37,0.458,0.382,0.721,61,2025-26,BRK,6443984.0,5616000.0,1158.4,6.443984,179.76456800637618
1628991,Jaren Jackson Jr.,MEM,25.0,74,2206.951666666667,1641,417,148,92,113,0.488,0.375,0.781,331,2025-26,UTA,35000000.0,186500000.0,2773.4,35.0,79.24000000000001
203486,Mason Plumlee,PHX,35.0,74,1300.045,333,455,134,33,47,0.619,0.0,0.648,54,2025-26,OKC,3022108.0,2296274.0,1240.0,3.022108,410.30962493729544
1630558,Davion Mitchell,MIA,26.0,74,2027.3133333333333,588,167,363,72,16,0.468,0.398,0.69,-3,2025-26,MIA,11600000.0,24000000.0,1508.9,11.6,130.07758620689657
1630541,Moses Moody,GSW,23.0,74,1649.15,724,189,96,59,31,0.433,0.374,0.797,132,2025-26,GSW,11574075.0,37500000.0,1274.8,11.574075,110.14271118858309
1627739,Kris Dunn,LAC,31.0,74,1782.9183333333333,474,251,210,128,27,0.439,0.335,0.682,262,2025-26,LAC,5426400.0,5426400.0,1400.2,5.4264,258.0347928645142
1629018,Gary Trent Jr.,MIL,26.0,74,1893.395,824,168,87,72,4,0.431,0.416,0.848,70,2025-26,MIL,3697105.0,3697105.0,1308.1,3.697105,353.8173787328193
1630198,Isaiah Joe,OKC,25.0,74,1603.9766666666667,756,196,119,48,9,0.44,0.412,0.821,550,2025-26,OKC,12362338.0,23685344.0,1283.7,12.362338,103.83958115366204
202699,Tobias Harris,DET,32.0,73,2305.4133333333334,1002,432,162,74,57,0.477,0.345,0.861,187,2025-26,DET,26634146.0,26634146.0,2025.4,26.634146,76.04523907017706
1630559,Austin Reaves,LAL,27.0,73,2550.0916666666667,1475,329,421,81,22,0.46,0.377,0.877,195,2025-26,LAL,13937574.0,13937574.0,2707.3,13.937574,194.24470858414816
1630169,Tyrese Haliburton,IND,25.0,73,2450.391666666667,1359,258,673,105,49,0.473,0.388,0.851,222,2025-26,IND,45550512.0,202446720.0,2986.1,45.550512,65.5557944112681
1631207,Dalen Terry,CHI,22.0,73,987.1783333333332,326,124,97,44,15,0.448,0.356,0.71,-172,2025-26,NOP,5399118.0,5399118.0,738.3,5.399118,136.74455716655942
1628436,Luke Kornet,BOS,29.0,73,1361.06,441,388,117,36,71,0.668,0.0,0.691,401,2025-26,SAS,11000000.0,24000000.0,1296.1,11.0,117.82727272727271
1642274,Yves Missi,NOP,21.0,73,1955.79,665,601,99,37,98,0.547,0.0,0.623,-514,2025-26,NOP,3353040.0,6865800.0,1804.6999999999998,3.35304,538.2279960871329
202696,Nikola Vučević,CHI,34.0,73,2278.25,1349,735,256,61,52,0.53,0.402,0.805,-98,2025-26,BOS,21481481.0,21481481.0,2841.0,21.481481,132.25345124016357
1631260,AJ Green,MIL,25.0,73,1659.1416666666669,541,174,108,37,7,0.429,0.427,0.815,227,2025-26,MIL,2301587.0,47301587.0,999.8,2.301587,434.39591898981007
1626166,Cameron Payne,NYK,30.0,72,1089.9766666666667,500,104,203,39,16,0.401,0.363,0.907,204,2025-26,PHI,712637.0,712637.0,1039.3,0.712637,1458.3862471356385
1642271,Kyle Filipowski,UTA,21.0,72,1521.54,690,440,140,48,22,0.502,0.35,0.65,-366,2025-26,UTA,3000000.0,3000000.0,1568.0,3.0,522.6666666666666
1630191,Isaiah Stewart,DET,24.0,72,1433.8483333333334,435,399,123,28,101,0.559,0.321,0.759,9,2025-26,DET,15000000.0,30000000.0,1356.3,15.0,90.42
1628369,Jayson Tatum,BOS,27.0,72,2623.8166666666666,1932,623,431,76,38,0.452,0.343,0.814,534,2025-26,BOS,54126450.0,242486496.0,3554.1,54.12645,65.66290602838353
1626167,Myles Turner,IND,29.0,72,2173.6366666666668,1120,471,111,54,144,0.481,0.396,0.773,202,2025-26,MIL,25318251.0,79752492.0,2247.7,25.318251,88.77785436284678
1629599,Amir Coffey,LAC,28.0,72,1747.54,696,161,77,40,7,0.471,0.409,0.891,-66,2025-26,PHO,2296274.0,2296274.0,1098.7,2.296274,478.4707748291363
1626157,Karl-Anthony Towns,NYK,29.0,72,2516.72,1759,920,222,71,50,0.526,0.42,0.829,378,2025-26,NYK,53142264.0,110220992.0,3438.0,53.142264,64.69427045863158
202691,Klay Thompson,DAL,35.0,72,1964.5683333333327,1005,246,145,50,30,0.412,0.391,0.905,-79,2025-26,DAL,16666667.0,34126984.0,1677.7,16.666667,100.66199798676004
1630166,Deni Avdija,POR,24.0,72,2161.148333333333,1219,522,281,71,35,0.476,0.365,0.78,-78,2025-26,POR,14375000.0,39375000.0,2478.9,14.375,172.44521739130437
1629216,Gabe Vincent,LAL,29.0,72,1527.265,460,92,98,51,13,0.4,0.353,0.714,48,2025-26,ATL,11500000.0,11500000.0,845.4,11.5,73.51304347826087
1631097,Bennedict Mathurin,IND,23.0,72,2149.318333333333,1156,383,136,47,24,0.458,0.34,0.831,94,2025-26,LAC,9187573.0,9187573.0,1961.6,9.187573,213.50578656626726
203497,Rudy Gobert,MIN,33.0,72,2388.423333333333,866,785,127,56,104,0.669,0.0,0.674,327,2025-26,MIN,35000000.0,71500000.0,2318.5,35.0,66.24285714285715
1631101,Shaedon Sharpe,POR,22.0,72,2252.33,1335,324,198,62,16,0.452,0.311,0.785,-138,2025-26,POR,8399983.0,98399983.0,2176.8,8.399983,259.14338159970083
1631217,Moussa Diabaté,CHA,23.0,71,1240.6333333333334,403,438,56,46,40,0.596,0.0,0.595,-123,2025-26,CHO,2270735.0,,1184.6,2.270735,521.6813058326928
1628371,Jonathan Isaac,ORL,27.0,71,1090.015,380,314,40,61,80,0.414,0.258,0.682,-38,2025-26,ORL,15000000.0,44000000.0,1098.8,15.0,73.25333333333333
1628378,Donovan Mitchell,CLE,28.0,71,2232.0333333333333,1701,322,354,95,17,0.443,0.368,0.823,522,2025-26,CLE,46394100.0,96499728.0,2842.4,46.3941,61.26641103071296
1642268,Isaiah Collier,UTA,20.0,71,1839.1066666666663,615,235,446,66,16,0.422,0.249,0.682,-403,2025-26,UTA,2638200.0,5402160.0,1730.0,2.6382,655.7501326662118
1630573,Sam Hauser,BOS,27.0,71,1541.1333333333334,605,224,64,41,13,0.451,0.416,1.0,325,2025-26,BOS,10044644.0,45000000.0,1077.8,10.044644,107.30096556931235
1630596,Evan Mobley,CLE,24.0,71,2166.555,1316,659,226,61,113,0.557,0.37,0.725,546,2025-26,CLE,46394100.0,269085780.0,2793.8,46.3941,60.21886403659086
1629652,Luguentz Dort,OKC,26.0,71,2073.3,719,293,115,79,39,0.435,0.412,0.717,547,2025-26,OKC,18222222.0,18222222.0,1479.1,18.222222,81.17012294109907
201144,Mike Conley,MIN,37.0,71,1755.85,582,182,319,79,14,0.4,0.41,0.9,265,2025-26,CHO,11499872.0,10774038.0,1464.9,11.499872,127.38402653525188
1630241,Sam Merrill,CLE,29.0,71,1401.2816666666668,509,157,108,53,14,0.406,0.372,0.966,321,2025-26,CLE,8482144.0,38000000.0,993.4,8.482144,117.1166157990244
1641729,Brice Sensabaugh,UTA,21.0,71,1431.9216666666666,772,210,110,46,8,0.459,0.422,0.89,-285,2025-26,UTA,2693760.0,7555997.0,1297.0,2.69376,481.4831313851271
1630595,Cade Cunningham,DET,23.0,70,2451.9466666666667,1830,425,638,71,53,0.469,0.356,0.846,175,2025-26,DET,46394100.0,269085780.0,3545.0,46.3941,76.41057806919414
201939,Stephen Curry,GSW,37.0,70,2252.45,1718,310,421,80,30,0.448,0.397,0.933,299,2025-26,GSW,59606817.0,122193975.0,2941.5,59.606817,49.348382417400344
1627734,Domantas Sabonis,SAC,29.0,70,2428.8766666666666,1337,972,423,48,26,0.59,0.417,0.754,144,2025-26,SAC,42336000.0,136416000.0,3285.8999999999996,42.336,77.61479591836734
1629651,Nic Claxton,BKN,26.0,70,1881.7316666666663,724,515,157,62,100,0.563,0.238,0.513,-497,2025-26,BRK,25352272.0,69443183.0,1901.5,25.352272,75.00313975804615
1629048,Goga Bitadze,ORL,25.0,70,1429.4616666666666,502,463,137,49,98,0.611,0.107,0.639,80,2025-26,ORL,8333333.0,15942029.0,1557.1,8.333333,186.8520074740803
203999,Nikola Jokić,DEN,30.0,70,2570.765,2071,892,716,127,45,0.576,0.417,0.8,594,2025-26,DEN,55224526.0,114257640.0,4559.4,55.224526,82.56114321379599
1630581,Josh Giddey,CHI,22.0,70,2116.641666666667,1022,566,503,84,45,0.465,0.378,0.781,-68,2025-26,CHI,25000000.0,100000000.0,2713.7,25.0,108.54799999999999
1627824,Guerschon Yabusele,PHI,29.0,70,1894.736666666667,768,395,148,58,24,0.501,0.38,0.725,-118,2025-26,CHI,5500000.0,5500000.0,1628.0,5.5,296.0
1629660,Ty Jerome,CLE,27.0,70,1392.4,878,173,237,78,3,0.516,0.439,0.872,302,2025-26,MEM,8781000.0,18001050.0,1603.1,8.781,182.56462817446757
1629014,Anfernee Simons,POR,26.0,70,2291.898333333333,1348,189,337,60,5,0.426,0.363,0.902,-220,2025-26,CHI,27678571.0,27678571.0,2210.3,27.678571,79.85600123648003
2544,LeBron James,LAL,40.0,70,2444.4466666666667,1710,546,575,70,39,0.513,0.376,0.782,-54,2025-26,LAL,52627153.0,52627153.0,3445.7,52.627153,65.4738058887586
1641708,Amen Thompson,HOU,22.0,69,2225.415,970,564,265,97,89,0.557,0.275,0.684,268,2025-26,HOU,9690600.0,21949209.0,2416.3,9.6906,249.3447258167709
203944,Julius Randle,MIN,30.0,69,2225.526666666666,1288,487,323,47,16,0.485,0.344,0.806,166,2025-26,MIN,30864198.0,64197532.0,2482.9,30.864198,80.44595877722143
1631114,Jalen Williams,OKC,24.0,69,2236.673333333333,1490,369,354,111,46,0.484,0.365,0.789,456,2025-26,OKC,6580997.0,247280997.0,2777.8,6.580997,422.09409911598505
1630230,Naji Marshall,DAL,27.0,69,1919.0833333333333,914,328,208,70,11,0.508,0.275,0.813,-137,2025-26,DAL,9000000.0,18428571.0,1781.6,9.0,197.95555555555555
1630217,Desmond Bane,ORL,27.0,69,2205.225,1327,418,369,80,28,0.484,0.392,0.894,143,2025-26,ORL,36725670.0,163225200.0,2598.1,36.72567,70.74343368003905
1631200,Kris Murray,POR,24.0,69,1040.3866666666668,287,182,68,35,17,0.419,0.225,0.456,-50,2025-26,POR,3132000.0,8447004.0,711.4,3.132,227.13920817369092
1629026,Kenrich Williams,OKC,30.0,69,1131.5383333333334,436,241,97,43,10,0.483,0.386,0.718,329,2025-26,OKC,7163000.0,7163000.0,976.7,7.163,136.3534831774396
1628989,Kevin Huerter,CHI,26.0,69,1678.993333333333,681,205,156,66,23,0.425,0.338,0.714,104,2025-26,DET,17991071.0,17991071.0,1339.0,17.991071,74.42580822453537
1628976,Wendell Carter Jr.,ORL,26.0,68,1758.2683333333334,618,492,134,52,41,0.46,0.234,0.737,-13,2025-26,ORL,10850000.0,48502160.0,1595.4,10.85,147.0414746543779
1629750,Javonte Green,CLE,31.0,68,1257.8333333333333,347,218,56,65,31,0.429,0.326,0.724,-212,2025-26,DET,2296274.0,2296274.0,884.5999999999999,2.296274,385.2327727440192
1630182,Josh Green,CHA,24.0,68,1887.503333333333,506,172,108,74,15,0.428,0.391,0.681,-364,2025-26,CHO,13666667.0,28345679.0,1052.4,13.666667,77.00487617061277
1642273,Kyshawn George,WAS,21.0,68,1802.1833333333327,590,285,169,68,50,0.372,0.322,0.753,-361,2025-26,WAS,2966760.0,6074760.0,1421.5,2.96676,479.14222923323763
203110,Draymond Green,GSW,35.0,68,1983.3066666666664,613,414,383,99,70,0.424,0.325,0.687,275,2025-26,GSW,25892857.0,53571428.0,2022.3,25.892857,78.10262112056618
1629673,Jordan Poole,WAS,26.0,68,2000.8866666666668,1391,203,303,86,27,0.432,0.378,0.883,-558,2025-26,NOP,31848215.0,65892857.0,2315.1,31.848215,72.6916720450424
203552,Seth Curry,CHA,34.0,68,1061.9566666666667,444,113,60,27,7,0.478,0.456,0.846,-171,2025-26,GSW,1755198.0,1755198.0,737.6,1.755198,420.2374888758989
1641717,Cason Wallace,OKC,21.0,68,1876.26,568,229,173,120,35,0.474,0.356,0.811,369,2025-26,OKC,5820240.0,13241046.0,1412.3,5.82024,242.65322392203757
1631212,Peyton Watson,DEN,22.0,68,1655.7283333333332,551,233,94,48,93,0.477,0.353,0.693,-26,2025-26,DEN,4356476.0,4356476.0,1253.6,4.356476,287.7555161557185
1642270,Donovan Clingan,POR,21.0,67,1323.6433333333334,436,527,77,34,110,0.539,0.286,0.596,-2,2025-26,POR,7178400.0,14698320.0,1471.9,7.1784,205.04569263345593
1642259,Alex Sarr,WAS,20.0,67,1814.2283333333328,869,435,161,44,101,0.394,0.308,0.679,-546,2025-26,WAS,11808240.0,24178920.0,1922.5,11.80824,162.81003773636039
1641748,Andre Jackson Jr.,MIL,23.0,67,980.0916666666668,230,182,83,34,14,0.477,0.395,0.5,-33,2025-26,MIL,2221677.0,,668.9,2.221677,301.078869700681
1627750,Jamal Murray,DEN,28.0,67,2418.346666666667,1436,261,403,91,33,0.474,0.393,0.886,331,2025-26,DEN,46394100.0,207845568.0,2601.7,46.3941,56.07825132937162
203507,Giannis Antetokounmpo,MIL,30.0,67,2288.63,2036,798,433,58,78,0.601,0.222,0.617,334,2025-26,MIL,54126450.0,112583016.0,3915.1,54.12645,72.33247331018384
1630625,Dalano Banton,POR,25.0,67,1119.945,559,135,160,43,34,0.391,0.324,0.728,-55,2025-26,LAC,263940.0,131970.0,1115.0,0.26394,4224.4449496097595
1641718,Keyonte George,UTA,21.0,67,2108.475,1125,253,377,46,9,0.391,0.343,0.818,-512,2025-26,UTA,4278960.0,10842885.0,2104.1,4.27896,491.7316357245686
1629611,Terance Mann,ATL,28.0,67,1414.25,517,199,121,47,15,0.496,0.368,0.691,-95,2025-26,BRK,15500000.0,47000000.0,1061.3,15.5,68.47096774193548
1630175,Cole Anthony,MEM,25.0,67,1234.1133333333332,630,204,191,45,32,0.424,0.353,0.823,-16,2025-26,MEM,5996274.0,11100000.0,1315.3,5.996274,219.35288480813253
1641744,Zach Edey,MEM,23.0,66,1415.765,610,548,65,36,85,0.58,0.346,0.709,164,2025-26,MEM,6045000.0,12377760.0,1607.1,6.045,265.85607940446647
1628418,Thomas Bryant,IND,27.0,66,963.0166666666668,429,251,53,28,41,0.508,0.324,0.859,-37,2025-26,CLE,2296274.0,2296274.0,947.7,2.296274,412.7120718172135
1630526,Jeremiah Robinson-Earl,NOP,24.0,66,1238.9,418,315,88,39,7,0.455,0.341,0.836,-331,2025-26,IND,131970.0,589305.0,1020.0,0.13197,7729.029324846556
1630703,Scoot Henderson,POR,21.0,66,1759.0716666666667,837,198,335,68,13,0.419,0.354,0.767,-38,2025-26,POR,10748040.0,24333563.0,1739.1,10.74804,161.80624560384962
1631170,Jaime Jaquez Jr.,MIA,24.0,66,1368.38,570,290,166,61,14,0.461,0.311,0.754,-152,2025-26,MIA,3861600.0,9800741.0,1317.0,3.8616,341.05034182722187
1631222,Jake LaRavia,SAC,23.0,66,1349.28,458,259,158,62,23,0.475,0.423,0.678,126,2025-26,LAL,6000000.0,12000000.0,1175.8,6.0,195.96666666666667
1628973,Jalen Brunson,NYK,28.0,65,2300.708333333333,1690,187,475,60,8,0.488,0.383,0.821,146,2025-26,NYK,34944001.0,113218563.0,2762.9,34.944001,79.06650414759318
1631124,Julian Strawther,DEN,23.0,65,1383.47,588,142,83,39,16,0.432,0.349,0.822,-71,2025-26,DEN,2674200.0,7501131.0,992.9,2.6742,371.2886096776606
1629614,Andrew Nembhard,IND,25.0,65,1880.67,653,216,326,79,11,0.458,0.291,0.794,204,2025-26,IND,18102000.0,58650480.0,1581.2,18.102,87.349464147608
1628370,Malik Monk,SAC,27.0,65,2054.11,1117,245,362,61,38,0.439,0.325,0.865,116,2025-26,SAC,18797619.0,38987654.0,2152.0,18.797619,114.48258420388241
1628379,Luke Kennard,MEM,29.0,65,1471.6916666666666,576,183,215,50,5,0.478,0.433,0.895,122,2025-26,LAL,11000000.0,11000000.0,1228.1,11.0,111.64545454545454
1628398,Kyle Kuzma,MIL,29.0,65,1936.415,964,370,152,36,19,0.436,0.307,0.634,-419,2025-26,MIL,22410605.0,42755757.0,1746.0,22.410605,77.90954327203572
1630583,Santi Aldama,MEM,24.0,65,1659.6483333333333,811,416,188,52,29,0.483,0.368,0.691,149,2025-26,MEM,18485916.0,35492959.0,1754.2,18.485916,94.89386406386355
1630567,Scottie Barnes,TOR,23.0,65,2134.13,1252,502,378,93,63,0.446,0.271,0.755,-130,2025-26,TOR,38661750.0,224238150.0,2733.4,38.66175,70.70036922798374
1626179,Terry Rozier,MIA,31.0,64,1658.22,679,238,167,37,14,0.391,0.295,0.852,-141,2025-26,MIA,26643031.0,26643031.0,1317.1,26.643031,49.435066152946334
1630170,Devin Vassell,SAS,24.0,64,1983.185,1041,255,183,84,33,0.443,0.368,0.792,-262,2025-26,SAS,27000000.0,105652174.0,1855.5,27.0,68.72222222222223
1641764,Brandin Podziemski,GSW,22.0,64,1716.3483333333334,747,325,220,69,13,0.445,0.372,0.758,261,2025-26,GSW,3687960.0,9367419.0,1631.0,3.68796,442.2499159426892
1629634,Brandon Clarke,MEM,28.0,64,1206.861666666667,534,326,66,52,36,0.621,0.059,0.701,181,2025-26,MEM,12500000.0,25000000.0,1200.2,12.5,96.016
1627747,Caris LeVert,ATL,30.0,64,1596.1066666666666,776,203,215,57,33,0.467,0.373,0.71,258,2025-26,DET,14104000.0,28913200.0,1522.1,14.104,107.91973908111174
1630534,Ochai Agbaji,TOR,25.0,64,1738.67,667,242,98,58,30,0.498,0.399,0.708,-214,2025-26,BRK,6383525.0,6383525.0,1280.4,6.383525,200.57883379480776
1628380,Zach Collins,CHI,27.0,64,977.06,407,288,111,29,29,0.507,0.302,0.885,-29,2025-26,CHI,18080496.0,18080496.0,1035.1,18.080496,57.249535632208314
1628960,Grayson Allen,PHX,29.0,64,1543.705,680,194,137,54,19,0.448,0.426,0.816,-79,2025-26,PHO,16875000.0,35000000.0,1264.3,16.875,74.92148148148148
1630643,Jay Huff,MEM,27.0,64,748.0316666666666,439,129,38,16,56,0.515,0.405,0.786,25,2025-26,IND,2349578.0,2349578.0,794.8,2.349578,338.27351124329556
1628970,Miles Bridges,CHA,27.0,64,2028.735,1300,481,248,44,45,0.431,0.313,0.87,-259,2025-26,CHO,25000000.0,47826087.0,2427.2,25.0,97.088
1630540,Miles McBride,NYK,24.0,64,1593.455,611,161,187,67,17,0.406,0.369,0.813,211,2025-26,NYK,4333333.0,8289856.0,1252.7,4.333333,289.08463762189524
1642276,Kel'el Ware,MIA,21.0,64,1422.486666666667,595,473,60,39,71,0.554,0.315,0.687,39,2025-26,MIA,4443360.0,9098280.0,1472.6,4.44336,331.4158654711749
1629631,De'Andre Hunter,CLE,27.0,64,1740.015,1088,258,92,50,13,0.47,0.405,0.846,88,2025-26,SAC,23303571.0,48214285.0,1661.6,23.303571,71.30237679023527
1630188,Jalen Smith,CHI,25.0,64,962.3833333333332,524,357,65,17,44,0.466,0.324,0.809,-36,2025-26,CHI,9000000.0,18428571.0,1171.9,9.0,130.2111111111111
1629012,Collin Sexton,UTA,26.0,63,1757.76,1159,171,264,47,6,0.48,0.406,0.865,-286,2025-26,CHI,18975000.0,18975000.0,1866.2,18.975,98.35046113306983
1630533,Ziaire Williams,BKN,23.0,63,1541.4033333333334,632,287,84,62,28,0.412,0.341,0.821,-330,2025-26,BRK,6250000.0,6250000.0,1282.4,6.25,205.18400000000003
1641767,Ben Sheppard,IND,23.0,63,1229.5583333333334,332,177,85,38,14,0.418,0.342,0.889,-59,2025-26,IND,2790720.0,7822389.0,775.9,2.79072,278.0286091044605
1630172,Patrick Williams,CHI,23.0,63,1576.3266666666666,566,237,124,48,32,0.397,0.353,0.723,-182,2025-26,CHI,18000000.0,54000000.0,1196.4,18.0,66.46666666666667
1627827,Dorian Finney-Smith,LAL,32.0,63,1818.6783333333333,549,247,90,58,23,0.448,0.411,0.667,309,2025-26,HOU,12700000.0,39370000.0,1142.4,12.7,89.95275590551182
1627759,Jaylen Brown,BOS,28.0,63,2157.9283333333333,1398,368,286,73,19,0.463,0.324,0.764,402,2025-26,BOS,53142264.0,236187840.0,2452.6,53.142264,46.15159038011629
1642367,Jonathan Mogbo,TOR,23.0,63,1285.655,389,311,146,55,34,0.438,0.243,0.732,-241,2025-26,TOR,1955377.0,1955377.0,1159.2,1.955377,592.8268564067185
1628988,Aaron Holiday,HOU,28.0,62,792.2466666666667,340,78,83,19,11,0.437,0.398,0.829,88,2025-26,HOU,2296274.0,2296274.0,618.1,2.296274,269.17519424946676
1629674,Neemias Queta,BOS,25.0,62,863.09,310,236,45,18,42,0.65,0.0,0.754,155,2025-26,BOS,2349578.0,,780.7,2.349578,332.2724336029704
1627780,Gary Payton II,GSW,32.0,62,927.1766666666666,400,185,83,52,17,0.574,0.326,0.711,45,2025-26,GSW,2296274.0,2296274.0,884.5,2.296274,385.1892239340776
201950,Jrue Holiday,BOS,35.0,62,1896.0683333333327,686,265,239,66,27,0.443,0.353,0.909,339,2025-26,POR,32400000.0,67200000.0,1548.5,32.4,47.79320987654321
1630551,Justin Champagnie,WAS,24.0,62,1340.5333333333333,544,351,60,65,39,0.511,0.383,0.685,-288,2025-26,WAS,2349578.0,5017522.0,1263.2,2.349578,537.6284592382121
1628368,De'Aaron Fox,SAS,27.0,62,2241.1366666666668,1459,298,392,91,25,0.463,0.31,0.827,-69,2025-26,SAS,37096620.0,260200620.0,2636.6,37.09662,71.07386063743812
1628978,Donte DiVincenzo,MIN,28.0,62,1605.7333333333331,723,228,225,73,17,0.422,0.397,0.778,174,2025-26,MIN,11990000.0,24525000.0,1514.1,11.99,126.28023352793994
1631218,Trayce Jackson-Davis,GSW,25.0,62,966.7866666666666,407,311,104,23,38,0.576,0.0,0.578,-61,2025-26,TOR,2221677.0,,1058.2,2.221677,476.30686188856436
201142,Kevin Durant,PHX,36.0,62,2264.685,1647,374,263,50,77,0.527,0.43,0.839,-38,2025-26,HOU,54708609.0,98611048.0,2744.3,54.708609,50.16212347859182
1629234,Drew Eubanks,LAC,28.0,61,746.01,280,226,54,12,39,0.593,0.5,0.662,-126,2025-26,SAC,2296274.0,2296274.0,734.2,2.296274,319.7353625917465
203937,Kyle Anderson,MIA,31.0,61,1002.0933333333334,357,206,145,40,33,0.469,0.357,0.738,-22,2025-26,MEM,9219512.0,9219512.0,967.7,9.219512,104.96217153359093
1642345,Oso Ighodaro,PHX,22.0,61,1045.545,255,222,71,28,29,0.604,0.0,0.58,-21,2025-26,PHO,1955377.0,1955377.0,741.9,1.955377,379.4153250242792
1630557,Corey Kispert,WAS,26.0,61,1601.5233333333333,705,181,103,26,14,0.451,0.364,0.852,-274,2025-26,ATL,13975000.0,41000000.0,1156.7,13.975,82.76923076923077
1630572,Sandro Mamukelashvili,SAS,26.0,61,681.2083333333334,385,187,48,22,17,0.502,0.373,0.741,-28,2025-26,TOR,2461463.0,2461463.0,759.4,2.461463,308.51570793467135
203952,Andrew Wiggins,MIA,30.0,60,1842.2816666666668,1078,269,158,60,50,0.448,0.374,0.763,-100,2025-26,MIA,28223215.0,28223215.0,1857.8,28.223215,65.82524350964268
201143,Al Horford,BOS,39.0,60,1658.5733333333333,538,369,128,36,51,0.423,0.363,0.895,397,2025-26,GSW,5685000.0,5685000.0,1346.8,5.685,236.90413368513634
1631133,Jabari Walker,POR,22.0,60,749.165,313,211,37,33,6,0.515,0.389,0.69,15,2025-26,PHI,724598.0,724598.0,699.7,0.724598,965.6388783849804
1626162,Kelly Oubre Jr.,PHI,29.0,60,2078.19,906,368,108,92,30,0.47,0.293,0.751,-258,2025-26,PHI,8382150.0,8382150.0,1753.6,8.38215,209.20646850748318
1627832,Fred VanVleet,HOU,31.0,60,2111.298333333333,844,221,333,94,25,0.378,0.345,0.81,264,2025-26,HOU,25000000.0,25000000.0,1846.7,25.0,73.868
1630532,Franz Wagner,ORL,23.0,60,2023.3066666666664,1449,342,284,75,21,0.463,0.295,0.871,247,2025-26,ORL,38661750.0,224238150.0,2477.4,38.66175,64.0788376108169
1642275,Tidjane Salaün,CHA,19.0,60,1244.3533333333332,353,280,74,29,14,0.33,0.283,0.713,-321,2025-26,CHO,7863240.0,16101120.0,886.0,7.86324,112.67619963272136
1631213,Tyrese Martin,BKN,26.0,60,1315.32,523,219,122,34,9,0.406,0.351,0.793,-258,2025-26,BRK,2191897.0,2191897.0,1054.8,2.191897,481.22699196175734
1626181,Norman Powell,LAC,32.0,60,1957.9883333333328,1306,190,125,73,9,0.484,0.418,0.804,352,2025-26,MIA,20482758.0,20482758.0,1885.5,20.482758,92.05303309251616
1641733,Nick Smith Jr.,CHA,21.0,60,1368.746666666667,591,128,145,17,6,0.391,0.34,0.935,-398,2025-26,CHO,2710680.0,2710680.0,1008.1,2.71068,371.89930202015734
1641724,Jett Howard,ORL,21.0,60,701.1066666666667,267,70,44,13,11,0.374,0.296,0.696,-86,2025-26,ORL,5529720.0,5529720.0,465.0,5.52972,84.09105705171328
1642419,Jamison Battle,TOR,24.0,59,1041.6783333333333,419,158,53,17,10,0.429,0.405,0.889,-183,2025-26,TOR,1955377.0,,742.1,1.955377,379.517607090602
1641731,Bilal Coulibaly,WAS,20.0,59,1947.506666666667,727,294,199,78,41,0.421,0.281,0.746,-587,2025-26,WAS,7275600.0,16515612.0,1616.3,7.2756,222.15349936774973
1629060,Rui Hachimura,LAL,27.0,59,1868.825,775,295,83,45,26,0.509,0.413,0.77,158,2025-26,LAL,18259259.0,18259259.0,1395.5,18.259259,76.42697877279686
1629731,Dean Wade,CLE,28.0,59,1252.4516666666666,320,249,76,42,20,0.413,0.36,0.533,284,2025-26,CLE,6623456.0,,856.8,6.623456,129.3584497277554
1641709,Ausar Thompson,DET,22.0,59,1327.715,594,303,134,98,40,0.535,0.224,0.641,67,2025-26,DET,8775000.0,19892925.0,1434.6,8.775,163.48717948717947
1631117,Walker Kessler,UTA,23.0,58,1740.32,641,707,97,36,138,0.663,0.176,0.52,-329,2025-26,UTA,4878938.0,4878938.0,1982.9,4.878938,406.4204136228007
1631104,Blake Wesley,SAS,22.0,58,683.1066666666667,217,61,114,37,6,0.435,0.293,0.623,-9,2025-26,WAS,5643732.0,3347458.0,547.2,5.643732,96.95711986323944
1641737,Adem Bona,PHI,22.0,58,904.55,337,245,27,26,69,0.703,0.0,0.67,-112,2025-26,PHI,1955377.0,,861.5,1.955377,440.58000068528986
1631216,Caleb Houstan,ORL,22.0,58,787.99,239,75,35,22,6,0.421,0.4,0.882,-66,2025-26,ATL,699440.0,699440.0,437.5,0.69944,625.5004003202563
203081,Damian Lillard,MIL,34.0,58,2092.87,1447,272,410,70,10,0.448,0.376,0.921,53,2025-26,MIL,36620603.0,112583015.0,2548.4,36.620603,69.5892418811345
1629628,RJ Barrett,TOR,25.0,58,1868.8033333333333,1223,366,314,46,17,0.468,0.35,0.63,-139,2025-26,TOR,27705357.0,57321428.0,2259.2,27.705357,81.54379674660031
1626156,D'Angelo Russell,BKN,29.0,58,1480.4183333333333,732,162,297,56,23,0.39,0.314,0.834,0,2025-26,WAS,5685000.0,5685000.0,1529.9,5.685,269.11169744942833
203500,Steven Adams,HOU,31.0,58,794.0666666666667,225,327,66,22,28,0.545,0.0,0.462,172,2025-26,HOU,14130434.0,39000000.0,816.4,14.130434,57.776003199901716
1630249,Vít Krejčí,ATL,25.0,57,1152.631666666667,412,156,147,36,26,0.497,0.437,0.711,-66,2025-26,POR,2349578.0,,943.7,2.349578,401.64659355850284
1631106,Tari Eason,HOU,24.0,57,1420.1933333333334,686,362,83,97,50,0.487,0.342,0.76,145,2025-26,HOU,5675766.0,5675766.0,1538.9,5.675766,271.1352088863424
1629655,Daniel Gafford,DAL,26.0,57,1226.095,701,388,80,23,102,0.702,0.0,0.689,35,2025-26,DAL,14386320.0,68766609.0,1536.6,14.38632,106.80980264584689
1631095,Jabari Smith Jr.,HOU,22.0,57,1715.5783333333334,698,399,60,25,41,0.438,0.354,0.825,250,2025-26,HOU,12350392.0,134350392.0,1398.8,12.350392,113.25956293533031
1631204,Marcus Sasser,DET,24.0,57,810.7866666666666,375,69,133,37,4,0.463,0.382,0.843,41,2025-26,DET,2886720.0,8085703.0,739.3,2.88672,256.10381332446514
1629661,Cameron Johnson,BKN,29.0,57,1799.763333333333,1070,247,194,53,25,0.475,0.39,0.893,-200,2025-26,DEN,21057065.0,44119565.0,1813.4,21.057065,86.11836454890556
1630192,Zeke Nnaji,DEN,24.0,57,607.9666666666667,184,90,23,25,38,0.496,0.327,0.614,-23,2025-26,DEN,8177778.0,15644445.0,452.5,8.177778,55.33287893117177
1627751,Jakob Poeltl,TOR,29.0,57,1685.7483333333332,824,547,158,66,71,0.627,0.333,0.674,-37,2025-26,TOR,19500000.0,95784000.0,1991.4,19.5,102.12307692307692
1629023,P.J. Washington,DAL,26.0,57,1834.858333333333,836,442,131,63,60,0.453,0.381,0.722,49,2025-26,DAL,14152174.0,102914614.0,1808.9,14.152174,127.81781795503645
1630173,Precious Achiuwa,NYK,25.0,57,1169.6133333333332,379,317,55,47,42,0.502,0.278,0.594,-48,2025-26,SAC,2111516.0,2111516.0,1019.9,2.111516,483.01788856916073
1630702,Jaden Hardy,DAL,22.0,57,907.4383333333334,496,89,81,28,5,0.435,0.386,0.698,-65,2025-26,WAS,6000000.0,12000000.0,790.3,6.0,131.71666666666667
1630208,Nick Richards,PHX,27.0,57,1256.2233333333334,529,466,49,14,55,0.591,0.0,0.744,-235,2025-26,CHI,5000000.0,,1299.6999999999998,5.0,259.93999999999994
1628392,Isaiah Hartenstein,OKC,27.0,57,1589.6416666666669,637,611,219,47,62,0.581,0.0,0.675,417,2025-26,OKC,28500000.0,28500000.0,1916.6999999999998,28.5,67.25263157894736
1641722,Jordan Hawkins,NOP,23.0,56,1320.5,604,158,66,30,23,0.372,0.331,0.816,-317,2025-26,NOP,4741320.0,11763215.0,998.6,4.74132,210.61645280217323
201599,DeAndre Jordan,DEN,36.0,56,690.7016666666667,209,284,53,16,27,0.65,0.0,0.422,-47,2025-26,NOP,2269880.0,2269880.0,715.3,2.26988,315.1267908435688
1630631,Jose Alvarado,NOP,27.0,56,1365.9,579,136,259,74,14,0.392,0.359,0.811,-232,2025-26,NYK,4500000.0,4500000.0,1306.7,4.5,290.3777777777778
1629637,Jaxson Hayes,LAL,25.0,56,1092.6833333333334,383,269,58,31,51,0.722,0.0,0.622,87,2025-26,LAL,3449323.0,3449323.0,956.8,3.449323,277.38776565720286
1631157,Ryan Rollins,MIL,22.0,56,819.525,349,108,104,42,17,0.487,0.408,0.8,83,2025-26,MIL,4000000.0,8000000.0,752.6,4.0,188.15
1630611,Gui Santos,GSW,23.0,56,761.5233333333333,227,172,80,25,10,0.458,0.33,0.69,165,2025-26,GSW,2221677.0,2221677.0,623.4,2.221677,280.59884492660274
203468,CJ McCollum,NOP,33.0,56,1831.6783333333333,1183,212,227,46,24,0.444,0.373,0.717,-279,2025-26,ATL,30666666.0,30666666.0,1917.9,30.666666,62.540218750874324
202710,Jimmy Butler III,GSW,35.0,55,1746.135,964,296,298,77,18,0.504,0.308,0.842,246,2025-26,GSW,54126450.0,110959223.0,1956.2,54.12645,36.14129505999377
203991,Clint Capela,ATL,31.0,55,1176.4333333333334,488,469,62,34,53,0.559,0.0,0.536,-79,2025-26,HOU,6700000.0,21105000.0,1317.8,6.7,196.68656716417908
203939,Dwight Powell,DAL,33.0,55,550.86,114,118,55,18,21,0.689,0.4,0.651,-14,2025-26,DAL,4000000.0,4000000.0,416.1,4.0,104.025
1630171,Isaac Okoro,CLE,24.0,55,1053.2033333333334,337,130,68,32,16,0.464,0.371,0.717,253,2025-26,CHI,11000000.0,22814814.0,691.0,11.0,62.81818181818182
1641796,Pelle Larsson,MIA,24.0,55,781.9466666666667,251,92,65,32,7,0.438,0.337,0.672,10,2025-26,MIA,1955377.0,,536.9,1.955377,274.5762070434499
203992,Bogdan Bogdanović,LAC,32.0,54,1347.6583333333333,583,159,146,41,11,0.427,0.363,0.879,106,2025-26,LAC,16020000.0,16020000.0,1096.8,16.02,68.46441947565543
1641711,Gradey Dick,TOR,21.0,54,1587.3733333333332,777,193,98,48,10,0.41,0.35,0.858,-210,2025-26,TOR,4990560.0,12122071.0,1271.6,4.99056,254.8010644096053
1641794,Dillon Jones,OKC,23.0,54,551.4933333333333,135,121,58,16,4,0.383,0.254,0.607,75,2025-26,WAS,2753280.0,2753280.0,407.2,2.75328,147.89632728963272
1627936,Alex Caruso,OKC,31.0,54,1040.635,382,159,137,87,30,0.446,0.353,0.824,321,2025-26,OKC,18102000.0,81096960.0,1012.3,18.102,55.92199756932935
1631110,Jeremy Sochan,SAS,22.0,54,1363.9683333333332,617,352,128,45,27,0.535,0.308,0.696,-88,2025-26,SAS,7874853.0,7096231.0,1375.4,7.874853,174.65722852223402
203078,Bradley Beal,PHX,32.0,53,1702.1916666666666,902,177,195,58,28,0.497,0.386,0.803,-273,2025-26,PHO,24737010.0,96915050.0,1578.9,24.73701,63.82743912865783
1630579,Jericho Sims,MIL,26.0,53,631.245,98,197,33,10,19,0.634,0.0,0.615,25,2025-26,MIL,2461463.0,2461463.0,441.9,2.461463,179.5273786362013
1630530,Trey Murphy III,NOP,25.0,53,1854.23,1124,268,188,56,39,0.454,0.361,0.887,-384,2025-26,NOP,25000000.0,112000000.0,1917.6,25.0,76.704
1642266,Ja'Kobe Walter,TOR,20.0,52,1103.235,449,160,81,43,10,0.405,0.349,0.795,-83,2025-26,TOR,3638160.0,7449960.0,868.5,3.63816,238.7195725311696
1641775,Jordan Walsh,BOS,21.0,52,403.0033333333333,82,69,19,12,11,0.361,0.273,0.583,25,2025-26,BOS,2221677.0,200000.0,239.3,2.221677,107.71142699861412
1630178,Tyrese Maxey,PHI,24.0,52,1960.195,1369,174,317,91,21,0.437,0.337,0.879,-124,2025-26,PHI,37958760.0,168705600.0,2277.3,37.95876,59.994056707858746
1641765,Olivier-Maxence Prosper,DAL,22.0,52,584.07,201,126,40,26,6,0.402,0.235,0.645,-104,2025-26,DAL,1002360.0,3007080.0,476.2,1.00236,475.07881399896246
1630256,Jae'Sean Tate,HOU,29.0,52,588.11,188,117,47,26,7,0.473,0.348,0.681,51,2025-26,HOU,2296274.0,2296274.0,464.9,2.296274,202.4584174188272
1630322,Lindy Waters III,DET,27.0,52,778.41,256,110,52,27,11,0.369,0.344,0.727,13,2025-26,SAS,2296274.0,2296274.0,542.0,2.296274,236.03454988385533
1642263,Reed Sheppard,HOU,21.0,52,654.3516666666667,229,78,75,35,17,0.351,0.338,0.813,-50,2025-26,HOU,10603560.0,21712440.0,539.1,10.60356,50.8414155245974
1641712,Rayan Rupert,POR,21.0,52,459.5416666666667,155,70,25,16,4,0.408,0.271,0.767,-86,2025-26,POR,2353647.0,2221677.0,316.5,2.353647,134.47216171329006
1641715,Cam Whitmore,HOU,20.0,51,826.585,477,151,49,31,13,0.444,0.355,0.75,-1,2025-26,WAS,3539760.0,8998070.0,819.7,3.53976,231.56937193482045
1641816,Hunter Tyson,DEN,25.0,51,399.935,134,78,20,10,6,0.375,0.311,0.75,-98,2025-26,BRK,2221677.0,2221677.0,289.6,2.221677,130.35198185874904
203932,Aaron Gordon,DEN,29.0,51,1446.7166666666667,748,247,164,23,14,0.531,0.436,0.81,301,2025-26,DEN,22841455.0,92850172.0,1364.4,22.841455,59.733497712820835
203994,Jusuf Nurkić,CHA,30.0,51,1062.8266666666666,453,398,115,40,34,0.477,0.305,0.664,-184,2025-26,UTA,19375000.0,19375000.0,1251.1,19.375,64.57290322580644
1641854,Craig Porter Jr.,CLE,25.0,51,513.265,188,67,71,17,15,0.514,0.438,0.719,-45,2025-26,CLE,2221677.0,,438.9,2.221677,197.55346974380163
1630264,Anthony Gill,WAS,32.0,51,397.575,129,66,16,9,2,0.489,0.323,0.66,-73,2025-26,WAS,2296274.0,2296274.0,254.2,2.296274,110.70107487172697
203076,Anthony Davis,DAL,32.0,51,1705.4883333333332,1261,590,181,59,110,0.516,0.282,0.775,25,2025-26,WAS,54126450.0,112583016.0,2578.5,54.12645,47.63844663745729
1642262,Cody Williams,UTA,20.0,50,1059.611666666667,230,113,59,23,16,0.323,0.259,0.725,-339,2025-26,UTA,5742480.0,11758080.0,532.1,5.74248,92.66031401067136
1628449,Chris Boucher,TOR,32.0,50,862.3,502,224,33,24,25,0.492,0.363,0.782,5,2025-26,UTA,2296274.0,2296274.0,918.3,2.296274,399.90872169436227
1629013,Landry Shamet,NYK,28.0,50,761.6,286,61,27,23,2,0.461,0.397,0.667,88,2025-26,NYK,2296274.0,2296274.0,449.7,2.296274,195.83899830769326
1629622,Max Strus,CLE,29.0,50,1272.725,471,217,158,26,12,0.442,0.386,0.824,221,2025-26,CLE,15936452.0,32597288.0,1044.4,15.936452,65.53528978721236
202681,Kyrie Irving,DAL,33.0,50,1803.7966666666664,1234,240,231,66,23,0.473,0.401,0.916,124,2025-26,DAL,36566002.0,76057284.0,2046.5,36.566002,55.9672889587437
1629630,Ja Morant,MEM,25.0,50,1519.11,1159,205,364,61,12,0.454,0.309,0.824,226,2025-26,MEM,39446090.0,126499530.0,2097.0,39.44609,53.161162487841004
1630549,Day'Ron Sharpe,BKN,23.0,50,907.4583333333334,397,330,91,41,42,0.521,0.244,0.757,64,2025-26,BRK,6250000.0,6250000.0,1095.5,6.25,175.28
1642277,Johnny Furphy,IND,20.0,50,379.4966666666666,103,71,19,18,11,0.38,0.3,0.818,22,2025-26,IND,1955377.0,4251648.0,274.7,1.955377,140.48441809431122
1629029,Luka Dončić,LAL,26.0,50,1768.55,1408,409,383,89,21,0.45,0.368,0.782,344,2025-26,LAL,45999660.0,149583660.0,2693.3,45.99966,58.55043276406826
1626171,Bobby Portis,MIL,30.0,49,1243.68,680,411,104,35,26,0.466,0.365,0.836,95,2025-26,MIL,13445754.0,27967168.0,1451.2,13.445754,107.92998295223904
1642265,Rob Dillingham,MIN,20.0,49,515.975,219,50,98,20,1,0.441,0.338,0.533,19,2025-26,CHI,6576120.0,13465440.0,468.0,6.57612,71.1665845513768
1629618,Jalen Pickett,DEN,25.0,49,666.19,200,71,107,19,5,0.428,0.396,0.75,52,2025-26,DEN,2221677.0,2221677.0,493.7,2.221677,222.21952155961463
203914,Gary Harris,ORL,30.0,48,710.71,145,64,30,26,12,0.383,0.356,0.583,86,2025-26,MIL,3634153.0,3634153.0,342.8,3.634153,94.32734395057115
203924,Jerami Grant,POR,31.0,47,1523.5866666666666,677,163,101,41,46,0.373,0.365,0.849,-202,2025-26,POR,32000001.0,66206899.0,1198.1,32.000001,37.4406238299805
1642281,Jaylon Tyson,CLE,22.0,47,452.96,167,96,44,13,3,0.43,0.345,0.792,-2,2025-26,CLE,3492480.0,7151040.0,380.2,3.49248,108.86247022173355
1629726,Garrison Mathews,ATL,28.0,47,829.5083333333333,353,87,60,26,15,0.397,0.39,0.821,-60,2025-26,IND,429325.0,561295.0,629.4,0.429325,1466.0222442205786
1631119,Jaylin Williams,OKC,23.0,47,784.055,278,262,120,22,29,0.439,0.399,0.767,302,2025-26,OKC,8450704.0,16225352.0,874.4,8.450704,103.47066942588451
1628374,Lauri Markkanen,UTA,28.0,47,1475.8433333333332,892,278,70,33,17,0.423,0.346,0.876,-186,2025-26,UTA,46394100.0,195868144.0,1430.6,46.3941,30.835817485413013
1630228,Jonathan Kuminga,GSW,22.0,47,1144.08,719,217,104,38,21,0.454,0.305,0.668,8,2025-26,ATL,23799569.0,23799569.0,1253.4,23.799569,52.664819266264864
1631103,Malaki Branham,SAS,22.0,47,426.555,235,51,38,11,2,0.458,0.405,0.818,-33,2025-26,CHO,4962033.0,4962033.0,379.2,4.962033,76.4202898287859
1630163,LaMelo Ball,CHA,23.0,47,1504.475,1184,232,346,54,13,0.405,0.339,0.843,-130,2025-26,CHO,37958760.0,168705600.0,2115.4,37.95876,55.72890157634233
1630200,Tre Jones,CHI,25.0,46,904.9716666666668,330,116,192,37,10,0.538,0.396,0.821,-31,2025-26,CHI,8000000.0,16000000.0,851.2,8.0,106.4
1629723,John Konchar,MEM,29.0,46,558.2233333333334,112,151,42,30,14,0.451,0.371,0.875,58,2025-26,UTA,6165000.0,12330000.0,444.2,6.165,72.05190592051906
1631094,Paolo Banchero,ORL,22.0,46,1581.53,1191,345,219,36,28,0.452,0.32,0.727,-21,2025-26,ORL,15334769.0,201254769.0,2061.5,15.334769,134.43306514757413
1641730,Noah Clowney,BKN,20.0,46,1042.2866666666666,420,181,40,24,21,0.358,0.333,0.838,-261,2025-26,BRK,3398640.0,8812674.0,787.2,3.39864,231.62206058894148
1631107,Nikola Jović,MIA,22.0,46,1155.6766666666667,494,180,131,38,13,0.456,0.371,0.828,-20,2025-26,MIA,4445417.0,66845417.0,1008.5,4.445417,226.8628567353749
1629162,Jordan McLaughlin,SAS,29.0,46,314.27666666666664,98,30,51,16,1,0.431,0.413,0.773,57,2025-26,SAS,2296274.0,2296274.0,244.5,2.296274,106.47684030738492
1631169,Josh Minott,MIN,22.0,46,276.275,119,47,18,15,12,0.489,0.326,0.895,-16,2025-26,BRK,2378870.0,2378870.0,256.4,2.37887,107.78226637016733
1641871,Duop Reath,POR,29.0,46,469.4266666666667,194,92,26,12,14,0.422,0.321,0.909,-55,2025-26,ATL,2221677.0,,395.4,2.221677,177.97366583891355
1641705,Victor Wembanyama,SAS,21.0,46,1527.253333333333,1116,506,168,52,176,0.476,0.352,0.836,102,2025-26,SAS,13376880.0,30245126.0,2431.2,13.37688,181.7464162046755
1630245,Ayo Dosunmu,CHI,25.0,46,1393.8833333333334,566,161,208,43,18,0.492,0.328,0.785,-234,2025-26,MIN,7518518.0,7518518.0,1193.2,7.518518,158.70148877744256
1628997,Caleb Martin,DAL,29.0,45,1218.0166666666669,356,177,95,46,23,0.424,0.359,0.622,-155,2025-26,DAL,9594044.0,19595537.0,848.9,9.594044,88.48197902782184
1630174,Aaron Nesmith,IND,25.0,45,1121.618333333333,541,178,54,35,17,0.507,0.431,0.913,198,2025-26,IND,11000000.0,62389440.0,939.6,11.0,85.41818181818182
1628420,Monte Morris,PHX,30.0,45,570.77,233,67,73,20,3,0.426,0.36,0.857,47,2025-26,IND,321184.0,321184.0,468.9,0.321184,1459.9108299292616
1630194,Paul Reed,DET,26.0,45,437.5366666666667,184,123,44,39,25,0.507,0.286,0.762,43,2025-26,DET,5335894.0,5335894.0,525.6,5.335894,98.50270638809542
1631109,Mark Williams,CHA,23.0,44,1171.045,671,447,109,32,54,0.604,0.0,0.804,-301,2025-26,PHO,6276531.0,6276531.0,1542.9,6.276531,245.82050180266776
1630570,Trendon Watford,BKN,24.0,44,912.6766666666666,450,160,115,27,12,0.469,0.33,0.762,-65,2025-26,PHI,2461463.0,2461463.0,892.5,2.461463,362.5892406264079
203482,Kelly Olynyk,NOP,34.0,44,890.9983333333333,384,206,128,33,19,0.5,0.418,0.769,-58,2025-26,SAS,13445122.0,13445122.0,927.2,13.445122,68.96181380875532
1642348,Justin Edwards,PHI,21.0,44,1154.72,445,148,69,45,16,0.455,0.363,0.696,-280,2025-26,PHI,2048494.0,4459584.0,848.1,2.048494,414.0114640316252
1630531,Jaden Springer,UTA,22.0,43,365.175,109,58,33,24,4,0.389,0.25,0.711,-32,2025-26,NOP,70732.0,70732.0,284.1,0.070732,4016.569586608607
204001,Kristaps Porziņģis,BOS,29.0,42,1209.9633333333334,818,284,87,31,63,0.483,0.412,0.809,173,2025-26,GSW,30731707.0,30731707.0,1477.3,30.731707,48.07087351184234
1631255,Karlo Matković,NOP,24.0,42,790.585,325,209,46,22,41,0.574,0.318,0.773,-89,2025-26,NOP,1955377.0,1955377.0,770.8,1.955377,394.19508360791804
1629111,Jock Landale,HOU,29.0,42,500.0233333333333,200,137,37,13,10,0.533,0.423,0.675,-25,2025-26,ATL,2296274.0,2296274.0,465.9,2.296274,202.8939055182439
1642366,Quinten Post,GSW,25.0,42,685.7566666666667,340,148,56,16,18,0.449,0.408,0.778,43,2025-26,GSW,1955377.0,1955377.0,669.6,1.955377,342.4403580486014
203926,Doug McDermott,SAC,33.0,42,341.65166666666664,147,22,7,4,2,0.427,0.436,0.6,27,2025-26,SAC,2296274.0,2296274.0,195.9,2.296274,85.31211867573295
1626192,Pat Connaughton,MIL,32.0,41,602.8266666666667,216,109,70,9,11,0.469,0.321,0.774,-13,2025-26,CHO,10739683.0,10739683.0,491.79999999999995,10.739683,45.792785504004165
1628971,Bruce Brown,NOP,28.0,41,921.53,340,164,84,34,10,0.421,0.333,0.815,-226,2025-26,DEN,2296274.0,2296274.0,750.8,2.296274,326.9644650420638
202331,Paul George,PHI,35.0,41,1333.5933333333332,665,219,178,75,20,0.43,0.358,0.814,-83,2025-26,PHI,51666090.0,105792470.0,1384.8,51.66609,26.80287979988422
203995,Vasilije Micic,PHX,31.0,41,784.9083333333333,269,89,128,15,0,0.348,0.36,0.829,-122,2025-26,MIL,666667.0,2000001.0,597.8,0.666667,896.6995516502241
1642278,Tyler Kolek,NYK,24.0,41,296.15166666666664,81,27,70,12,4,0.329,0.298,0.765,-1,2025-26,NYK,2191897.0,4488168.0,250.4,2.191897,114.23894462194164
1629006,Josh Okogie,CHA,26.0,40,624.9783333333334,283,113,33,48,19,0.443,0.348,0.741,-13,2025-26,HOU,2296274.0,2296274.0,602.1,2.296274,262.20738465879947
1629028,Deandre Ayton,POR,26.0,40,1205.62,576,406,64,31,39,0.566,0.188,0.667,-162,2025-26,POR,33654814.0,25550814.0,1299.2,33.654814,38.6036898019998
1641738,Kobe Brown,LAC,25.0,40,272.22,77,65,24,7,4,0.458,0.231,0.714,-53,2025-26,IND,2654880.0,2654880.0,213.0,2.65488,80.22961489784849
1641740,Jaylen Clark,MIN,23.0,40,521.9933333333333,163,53,26,36,2,0.467,0.431,0.784,44,2025-26,MIN,2191897.0,2191897.0,341.6,2.191897,155.846739148783
1628381,John Collins,UTA,27.0,40,1220.4916666666666,758,327,80,39,40,0.527,0.399,0.848,-16,2025-26,LAC,26580000.0,26580000.0,1428.4,26.58,53.73965387509406
1642403,Isaac Jones,SAC,24.0,40,303.86333333333334,134,57,12,5,10,0.651,0.375,0.639,-64,2025-26,DET,1955377.0,1955377.0,250.39999999999998,1.955377,128.05714703609584
203083,Andre Drummond,PHI,31.0,40,750.6333333333333,293,310,34,39,18,0.5,0.15,0.622,-245,2025-26,PHI,5000000.0,5000000.0,830.0,5.0,166.0
1630311,Pat Spencer,GSW,28.0,39,249.61166666666668,98,46,48,14,3,0.406,0.227,0.733,-17,2025-26,GSW,857804.0,857804.0,259.2,0.857804,302.16692857575856
1630568,Luka Garza,MIN,26.0,39,219.31,138,54,11,6,3,0.495,0.278,0.686,1,2025-26,BOS,2461463.0,5262809.0,237.3,2.461463,96.40608044890377
201569,Eric Gordon,PHI,36.0,39,768.4916666666667,266,46,65,26,12,0.426,0.409,0.75,-72,2025-26,MEM,2296274.0,2296274.0,494.7,2.296274,215.43596278144508
1629004,Svi Mykhailiuk,UTA,28.0,38,760.3066666666666,334,90,76,19,7,0.391,0.345,0.8,-106,2025-26,UTA,3675000.0,,608.0,3.675,165.4421768707483
1630695,Micah Potter,UTA,27.0,38,705.165,162,164,31,14,14,0.422,0.316,0.85,-104,2025-26,IND,1527805.0,1527805.0,461.29999999999995,1.527805,301.93643822346434
1641757,Jordan Miller,LAC,25.0,37,420.31,152,58,34,17,5,0.433,0.211,0.8,-63,2025-26,LAC,712637.0,3210449.0,316.6,0.712637,444.2654535198145
203903,Jordan Clarkson,UTA,33.0,37,962.47,600,118,138,31,9,0.408,0.362,0.797,-204,2025-26,UTA,12947835.0,10651561.0,1028.6,12.947835,79.4418526340504
203114,Khris Middleton,WAS,33.0,37,843.1816666666666,440,137,150,35,8,0.475,0.361,0.857,39,2025-26,DAL,33296296.0,33296296.0,915.4,33.296296,27.492547519399757
1631172,Ousmane Dieng,OKC,22.0,37,404.8416666666666,142,81,31,17,7,0.432,0.324,0.688,45,2025-26,MIL,6670882.0,6670882.0,333.7,6.670882,50.023370223007994
1631132,Christian Koloko,LAL,25.0,37,341.53,90,92,16,8,16,0.606,0.0,0.714,-7,2025-26,MEM,263940.0,263940.0,272.4,0.26394,1032.0527392589224
202695,Kawhi Leonard,LAC,34.0,37,1179.9566666666667,796,219,116,59,17,0.498,0.411,0.81,296,2025-26,LAC,50000000.0,100300000.0,1384.8,50.0,27.695999999999998
1642269,Devin Carter,SAC,23.0,36,395.9433333333333,138,76,41,21,4,0.37,0.295,0.591,43,2025-26,SAC,4923720.0,10081800.0,340.7,4.92372,69.19564881837309
1641726,Dereck Lively II,DAL,21.0,36,832.7366666666667,314,270,85,20,56,0.702,0.0,0.63,121,2025-26,DAL,5253360.0,12492491.0,917.5,5.25336,174.65012867954985
1642349,Ajay Mitchell,OKC,23.0,36,596.955,234,68,64,25,4,0.495,0.383,0.829,127,2025-26,OKC,3000000.0,3000000.0,469.6,3.0,156.53333333333333
1629646,Charles Bassey,SAS,24.0,36,375.515,157,152,17,14,30,0.581,0.0,0.636,-129,2025-26,PHI,263940.0,263940.0,452.9,0.26394,1715.9202849132378
1630552,Jalen Johnson,ATL,23.0,36,1284.1783333333333,680,359,181,56,36,0.5,0.312,0.746,55,2025-26,ATL,30000000.0,150000000.0,1566.3,30.0,52.21
1628975,Jevon Carter,CHI,29.0,36,320.5733333333333,153,39,40,13,3,0.377,0.333,0.8,37,2025-26,CHI,7680524.0,6809524.0,291.8,7.680524,37.99219949055559
1629020,Jarred Vanderbilt,LAL,26.0,36,580.8583333333333,147,182,41,35,10,0.488,0.281,0.556,35,2025-26,LAL,11571429.0,24000000.0,516.9,11.571429,44.67036871591227
1628366,Lonzo Ball,CHI,27.0,35,777.03,267,118,115,47,17,0.366,0.344,0.815,100,2025-26,UTA,10000000.0,10000000.0,709.1,10.0,70.91
1631230,Dominick Barlow,ATL,22.0,35,374.9983333333333,148,85,19,9,16,0.531,0.259,0.636,-2,2025-26,PHI,3415000.0,3415000.0,328.5,3.415,96.19326500732065
1630591,Jalen Suggs,ORL,24.0,35,1002.4533333333334,567,141,129,51,33,0.41,0.314,0.882,3,2025-26,ORL,35000000.0,123800000.0,1097.7,35.0,31.362857142857145
200768,Kyle Lowry,PHI,39.0,35,659.4483333333334,138,67,96,33,11,0.35,0.33,0.818,-71,2025-26,PHI,2296274.0,2296274.0,450.4,2.296274,196.14383997728493
1628467,Maxi Kleber,LAL,33.0,34,636.875,103,95,43,9,17,0.385,0.265,0.762,-17,2025-26,LAL,11000000.0,11000000.0,333.5,11.0,30.318181818181817
203935,Marcus Smart,WAS,31.0,34,680.34,305,72,109,39,9,0.393,0.348,0.761,42,2025-26,WAS,19920855.0,14786855.0,650.9,19.920855,32.674300375159596
1630314,Brandon Williams,DAL,25.0,33,487.13,275,58,76,24,5,0.521,0.4,0.833,10,2025-26,DAL,2270735.0,,516.6,2.270735,227.50342950630522
1630214,Xavier Tillman,BOS,26.0,33,230.9033333333333,34,43,7,11,5,0.245,0.156,0.75,-12,2025-26,CHO,2546675.0,2546675.0,128.1,2.546675,50.30088252329017
1631221,Collin Gillespie,PHX,26.0,33,461.2183333333333,194,78,78,21,5,0.43,0.433,0.864,-29,2025-26,PHO,2296274.0,2296274.0,456.6,2.296274,198.84386619366853
1630193,Immanuel Quickley,TOR,26.0,33,917.7533333333332,564,117,191,23,4,0.42,0.378,0.867,-39,2025-26,TOR,32500000.0,130000000.0,1044.9,32.5,32.150769230769235
1631243,Mouhamed Gueye,ATL,22.0,33,532.7566666666667,197,139,27,28,33,0.421,0.259,0.762,87,2025-26,ATL,2221677.0,,526.3,2.221677,236.89312172741577
1628964,Mo Bamba,NOP,27.0,32,413.485,138,145,18,9,31,0.464,0.278,0.704,-75,2025-26,UTA,458711.0,263940.0,419.0,0.458711,913.4291525601087
201145,Jeff Green,HOU,38.0,32,396.44666666666666,172,58,20,6,4,0.504,0.367,0.808,-38,2025-26,HOU,2296274.0,2296274.0,291.6,2.296274,126.98832978991184
1631096,Chet Holmgren,OKC,23.0,32,876.54,479,257,63,23,71,0.49,0.379,0.754,294,2025-26,OKC,13731368.0,254431368.0,1069.9,13.731368,77.91649018510029
1630545,Terrence Shannon Jr.,MIN,24.0,32,338.8283333333333,138,47,32,7,5,0.482,0.355,0.81,11,2025-26,MIN,2674080.0,5475720.0,266.4,2.67408,99.62304792676359
1628963,Marvin Bagley III,MEM,26.0,31,265.2266666666667,136,84,11,9,8,0.519,0.158,0.657,-10,2025-26,DAL,2296274.0,2296274.0,287.3,2.296274,125.11573096242
1627749,Dejounte Murray,NOP,28.0,31,1012.1483333333332,542,200,228,63,12,0.393,0.299,0.823,-207,2025-26,NOP,30801103.0,63586174.0,1274.0,30.801103,41.36215511502948
1630811,Keaton Wallace,ATL,26.0,31,501.1666666666667,168,50,81,28,9,0.401,0.329,1.0,-19,2025-26,ATL,2296274.0,2296274.0,423.5,2.296274,184.42921010297553
1631248,Baylor Scheierman,BOS,24.0,31,383.8883333333333,113,65,33,17,2,0.355,0.317,0.75,29,2025-26,BOS,2619000.0,5363040.0,278.5,2.619,106.33829705994654
1629627,Zion Williamson,NOP,24.0,30,857.2766666666666,737,216,159,37,27,0.567,0.231,0.656,-42,2025-26,NOP,39446090.0,126499530.0,1362.7,39.44609,34.545882747821146
1631093,Jaden Ivey,DET,23.0,30,898.0333333333333,528,124,119,28,11,0.46,0.409,0.733,-62,2025-26,CHI,10107163.0,10107163.0,933.3,10.107163,92.34045201408149
1629021,Moritz Wagner,ORL,28.0,30,564.1566666666666,386,148,42,24,12,0.562,0.36,0.718,-17,2025-26,ORL,5000000.0,5000000.0,698.6,5.0,139.72
1641713,GG Jackson,MEM,20.0,29,458.615,209,92,29,12,5,0.372,0.337,0.725,-68,2025-26,MEM,2221677.0,2221677.0,396.9,2.221677,178.64883149080626
1642358,AJ Johnson,WAS,20.0,29,638.3866666666667,220,59,76,12,3,0.385,0.267,0.865,-152,2025-26,DAL,3090480.0,6327600.0,434.8,3.09048,140.69011933421348
1630692,Jordan Goodwin,LAL,26.0,29,542.575,161,112,42,30,11,0.438,0.382,0.818,-11,2025-26,PHO,2349578.0,2349578.0,440.4,2.349578,187.4379143829232
202687,Bismack Biyombo,SAS,32.0,28,527.4866666666667,144,158,31,16,23,0.588,0.0,0.4,-100,2025-26,SAS,2296274.0,2296274.0,458.1,2.296274,199.4970983427936
202066,Garrett Temple,TOR,39.0,28,226.7683333333333,53,29,31,17,2,0.3,0.214,0.917,-28,2025-26,TOR,2296274.0,2296274.0,172.3,2.296274,75.03459952949866
1642355,Bronny James,LAL,20.0,27,181.2433333333333,62,18,22,9,3,0.313,0.281,0.786,-71,2025-26,LAL,1955377.0,1955377.0,140.6,1.955377,71.90429262490046
1641706,Brandon Miller,CHA,22.0,27,923.565,568,131,98,29,20,0.403,0.355,0.861,-124,2025-26,CHO,11968800.0,27073426.0,970.2,11.9688,81.06075797072388
1631246,Vince Williams Jr.,MEM,24.0,27,498.5466666666667,179,98,55,12,7,0.401,0.274,0.792,6,2025-26,UTA,2301587.0,2301587.0,417.1,2.301587,181.22278236712322
1630574,Ariel Hukporti,NYK,23.0,25,217.365,48,51,11,1,15,0.677,0.0,0.462,-63,2025-26,NYK,1955377.0,1955377.0,157.7,1.955377,80.64940929549647
1642285,Cam Spencer,MEM,25.0,25,252.2433333333333,106,30,34,9,1,0.415,0.365,1.0,40,2025-26,MEM,2537989.0,7565833.0,213.0,2.537989,83.92471362169024
1630560,Cam Thomas,BKN,23.0,25,781.1566666666666,599,83,94,15,2,0.438,0.349,0.881,-92,2025-26,BRK,6837779.0,5993172.0,873.6,6.837779,127.76078314318143
1631116,Patrick Baldwin Jr.,LAC,22.0,24,106.74833333333332,53,25,3,3,2,0.543,0.565,0.5,29,2025-26,PHI,263940.0,131970.0,97.5,0.26394,369.4021368492839
1626204,Larry Nance Jr.,ATL,32.0,24,463.2266666666667,203,103,38,20,13,0.516,0.447,0.692,-95,2025-26,CLE,2296274.0,2296274.0,449.6,2.296274,195.7954494977516
1630538,Bones Hyland,MIN,24.0,24,238.77,149,25,32,18,4,0.398,0.39,0.885,-31,2025-26,MIN,2296274.0,2296274.0,271.0,2.296274,118.01727494192767
1642272,Jared McCain,PHI,21.0,23,591.7916666666666,352,56,60,15,0,0.46,0.383,0.875,-27,2025-26,OKC,4221360.0,8643960.0,539.2,4.22136,127.73134724354239
1641890,Tyler Smith,MIL,20.0,23,121.57333333333334,67,25,4,3,4,0.48,0.433,0.75,8,2025-26,MIL,1955377.0,1955377.0,117.0,1.955377,59.835008798814755
201567,Kevin Love,MIA,36.0,23,251.4533333333333,122,94,22,15,4,0.357,0.358,0.696,-25,2025-26,UTA,4150000.0,4150000.0,305.8,4.15,73.6867469879518
1631321,Sidy Cissoko,POR,21.0,22,114.46333333333334,32,21,15,2,1,0.433,0.231,0.333,8,2025-26,POR,686243.0,686243.0,85.7,0.686243,124.88287676522748
1630529,Herbert Jones,NOP,26.0,20,648.1316666666667,205,78,65,37,9,0.436,0.306,0.825,-20,2025-26,NOP,13937574.0,72221624.0,488.1,13.937574,35.020441864559785
1629057,Robert Williams III,POR,27.0,20,351.33,116,118,21,13,33,0.641,0.333,0.882,-17,2025-26,POR,13285713.0,13285713.0,381.1,13.285713,28.68494901252195
1641727,Dariq Whitehead,BKN,20.0,20,246.0783333333333,114,29,12,6,1,0.406,0.446,0.6,-64,2025-26,BRK,3262560.0,3262560.0,180.8,3.26256,55.41660536511206
203957,Dante Exum,DAL,29.0,20,372.31,174,33,56,12,3,0.478,0.434,0.742,-48,2025-26,WAS,2296274.0,2296274.0,327.6,2.296274,142.6659013689133
1642461,Spencer Jones,DEN,24.0,20,124.625,26,17,5,5,5,0.324,0.059,1.0,-45,2025-26,DEN,623967.0,623967.0,73.9,0.623967,118.4357506086059
204060,Joe Ingles,MIN,37.0,19,114.08666666666667,15,11,23,2,0,0.261,0.2,0.0,2,2025-26,MIN,2296274.0,2296274.0,66.7,2.296274,29.047056231094373
203954,Joel Embiid,PHI,31.0,19,574.3933333333333,452,155,85,14,18,0.444,0.299,0.882,-57,2025-26,PHI,55224526.0,176072526.0,829.5,55.224526,15.02050013068469
1627742,Brandon Ingram,TOR,27.0,18,595.0316666666666,400,100,93,16,11,0.465,0.374,0.855,-128,2025-26,TOR,38095238.0,78095238.0,713.5,38.095238,18.729375046823435
1642359,Pacôme Dadiet,NYK,19.0,18,111.17833333333331,30,18,5,3,2,0.323,0.316,0.667,-16,2025-26,NYK,2847600.0,5831280.0,69.1,2.8476,24.266048602331786
1629011,Mitchell Robinson,NYK,27.0,17,290.12333333333333,87,101,13,16,18,0.661,0.0,0.684,23,2025-26,NYK,12954546.0,12954546.0,295.7,12.954546,22.825963951187482
203967,Dario Saric,DEN,31.0,16,210.38333333333333,56,50,23,7,1,0.362,0.269,0.7,-49,2025-26,DET,5426400.0,5426400.0,166.5,5.4264,30.68332596196373
1629684,Grant Williams,CHA,26.0,16,479.025,166,82,37,18,13,0.439,0.365,0.838,10,2025-26,CHO,13645500.0,27911250.0,381.9,13.6455,27.987248543475868
1642352,Keshad Johnson,MIA,24.0,16,98.125,43,28,4,5,4,0.692,0.429,0.444,5,2025-26,MIA,1955377.0,1955377.0,100.6,1.955377,51.447879360348416
1631120,JD Davison,BOS,22.0,16,92.915,33,13,13,5,1,0.353,0.222,0.714,-28,2025-26,BOS,2270735.0,2270735.0,80.1,2.270735,35.27492199662223
1629680,Matisse Thybulle,POR,28.0,15,312.2816666666667,112,52,28,33,9,0.477,0.438,0.467,1,2025-26,POR,11550000.0,11550000.0,300.4,11.55,26.008658008658006
1630696,Dru Smith,MIA,27.0,14,268.205,87,36,23,21,6,0.508,0.533,0.75,38,2025-26,MIA,2378870.0,2378870.0,218.7,2.37887,91.93440583134009
1628396,Tony Bradley,IND,27.0,14,112.73833333333332,61,42,6,2,9,0.644,0.333,0.333,44,2025-26,IND,3204816.0,3204816.0,142.4,3.204816,44.43312814214607
1642353,Cam Christie,LAC,19.0,13,58.64833333333333,18,12,6,5,1,0.292,0.154,0.5,-10,2025-26,LAC,1955377.0,1955377.0,53.4,1.955377,27.309311708176992
1630544,Tre Mann,CHA,24.0,13,319.045,183,38,39,7,4,0.435,0.4,0.905,-55,2025-26,CHO,8000000.0,16000000.0,309.1,8.0,38.6375
1631159,Leonard Miller,MIN,21.0,13,31.595,20,11,0,2,1,0.4,0.0,1.0,-12,2025-26,CHI,2221677.0,,39.2,2.221677,17.644329036129015
1631121,Bryce McGowens,POR,22.0,13,32.016666666666666,13,3,2,1,0,0.286,0.0,0.833,-4,2025-26,NOP,724598.0,3309137.0,21.6,0.724598,29.809632375468883
1630604,E.J. Liddell,CHI,24.0,12,52.85666666666667,21,9,3,1,1,0.533,0.3,1.0,-8,2025-26,PHO,706898.0,1413796.0,40.3,0.706898,57.00963929732436
1641723,Kobe Bufkin,ATL,21.0,10,123.63666666666668,53,21,17,3,2,0.383,0.211,0.722,-23,2025-26,BRK,5480297.0,4503720.0,113.7,5.480297,20.747050752906276
1631166,Drew Timme,BKN,24.0,9,253.87833333333333,109,65,20,4,1,0.441,0.257,0.625,-66,2025-26,BRK,1955377.0,1955377.0,227.0,1.955377,116.0901452763329
1641752,Bobi Klintman,DET,22.0,8,42.38166666666667,15,7,7,2,1,0.6,0.4,0.5,0,2025-26,DET,1955377.0,1955377.0,39.9,1.955377,20.405272231390672
