player_id,player_name,team,age,gp,minutes,points,rebounds,assists,steals,blocks,fg_pct,fg3_pct,ft_pct,plus_minus,season
1630639,A.J. Lawson,TOR,24.0,26,486.41,236,86,31,13,6,0.421,0.327,0.683,-17,2025-26
1631260,AJ Green,MIL,25.0,73,1659.1416666666669,541,174,108,37,7,0.429,0.427,0.815,227,2025-26
1642358,AJ Johnson,WAS,20.0,29,638.3866666666667,220,59,76,12,3,0.385,0.267,0.865,-152,2025-26
203932,Aaron Gordon,DEN,29.0,51,1446.7166666666667,748,247,164,23,14,0.531,0.436,0.81,301,2025-26
1628988,Aaron Holiday,HOU,28.0,62,792.2466666666667,340,78,83,19,11,0.437,0.398,0.829,88,2025-26
1630174,Aaron Nesmith,IND,25.0,45,1121.618333333333,541,178,54,35,17,0.507,0.431,0.913,198,2025-26
1630598,Aaron Wiggins,OKC,26.0,76,1743.9,914,295,134,60,18,0.488,0.383,0.831,514,2025-26
1641745,Adam Flagler,OKC,25.0,37,202.965,65,27,12,8,3,0.26,0.194,0.5,7,2025-26
1641737,Adem Bona,PHI,22.0,58,904.55,337,245,27,26,69,0.703,0.0,0.67,-112,2025-26
1642349,Ajay Mitchell,OKC,23.0,36,596.955,234,68,64,25,4,0.495,0.383,0.829,127,2025-26
201143,Al Horford,BOS,39.0,60,1658.5733333333333,538,369,128,36,51,0.423,0.363,0.895,397,2025-26
202692,Alec Burks,MIA,33.0,49,863.4966666666667,356,124,55,28,7,0.424,0.425,0.776,110,2025-26
1627936,Alex Caruso,OKC,31.0,54,1040.635,382,159,137,87,30,0.446,0.353,0.824,321,2025-26
1642505,Alex Ducas,OKC,24.0,21,125.34166666666668,36,26,5,5,0,0.4,0.476,1.0,-22,2025-26
203458,Alex Len,LAL,32.0,46,379.79,74,95,38,9,21,0.508,0.222,0.471,-153,2025-26
1642024,Alex Reese,PHI,26.0,15,216.04666666666665,76,47,4,10,10,0.481,0.366,0.75,19,2025-26
1642259,Alex Sarr,WAS,20.0,67,1814.2283333333328,869,435,161,44,101,0.394,0.308,0.679,-546,2025-26
1630578,Alperen Sengun,HOU,22.0,76,2394.9766666666665,1451,786,372,84,61,0.496,0.233,0.692,410,2025-26
1641708,Amen Thompson,HOU,22.0,69,2225.415,970,564,265,97,89,0.557,0.275,0.684,268,2025-26
1629599,Amir Coffey,LAC,28.0,72,1747.54,696,161,77,40,7,0.471,0.409,0.891,-66,2025-26
203083,Andre Drummond,PHI,31.0,40,750.6333333333333,293,310,34,39,18,0.5,0.15,0.622,-245,2025-26
1641748,Andre Jackson Jr.,MIL,23.0,67,980.0916666666668,230,182,83,34,14,0.477,0.395,0.5,-33,2025-26
1629614,Andrew Nembhard,IND,25.0,65,1880.67,653,216,326,79,11,0.458,0.291,0.794,204,2025-26
203952,Andrew Wiggins,MIA,30.0,60,1842.2816666666668,1078,269,158,60,50,0.448,0.374,0.763,-100,2025-26
1629014,Anfernee Simons,POR,26.0,70,2291.898333333333,1348,189,337,60,5,0.426,0.363,0.902,-220,2025-26
1641710,Anthony Black,ORL,21.0,78,1886.993333333333,736,230,240,86,48,0.423,0.318,0.761,-40,2025-26
203076,Anthony Davis,DAL,32.0,51,1705.4883333333332,1261,590,181,59,110,0.516,0.282,0.775,25,2025-26
1630162,Anthony Edwards,MIN,23.0,79,2871.0583333333334,2177,450,359,91,51,0.447,0.395,0.837,291,2025-26
1630264,Anthony Gill,WAS,32.0,51,397.575,129,66,16,9,2,0.489,0.323,0.66,-73,2025-26
1641817,Anton Watson,NYK,24.0,9,22.166666666666668,8,3,2,1,0,0.444,0.0,0.0,-9,2025-26
1641810,Antonio Reeves,NOP,24.0,44,659.5583333333333,305,63,39,21,4,0.456,0.395,0.8,-150,2025-26
1630574,Ariel Hukporti,NYK,23.0,25,217.365,48,51,11,1,15,0.677,0.0,0.462,-63,2025-26
1642422,Armel Traore,LAL,22.0,9,66.66666666666667,14,15,1,4,2,0.316,0.0,0.286,-49,2025-26
1641709,Ausar Thompson,DET,22.0,59,1327.715,594,303,134,98,40,0.535,0.224,0.641,67,2025-26
1630559,Austin Reaves,LAL,27.0,73,2550.0916666666667,1475,329,421,81,22,0.46,0.377,0.877,195,2025-26
1630245,Ayo Dosunmu,CHI,25.0,46,1393.8833333333334,566,161,208,43,18,0.492,0.328,0.785,-234,2025-26
1628389,Bam Adebayo,MIA,27.0,78,2673.693333333333,1410,749,337,98,53,0.485,0.357,0.765,27,2025-26
1631248,Baylor Scheierman,BOS,24.0,31,383.8883333333333,113,65,33,17,2,0.355,0.317,0.75,29,2025-26
1641767,Ben Sheppard,IND,23.0,63,1229.5583333333334,332,177,85,38,14,0.418,0.342,0.889,-59,2025-26
1627732,Ben Simmons,LAC,28.0,51,1119.6933333333334,256,241,285,38,23,0.52,0.0,0.727,-56,2025-26
1631097,Bennedict Mathurin,IND,23.0,72,2149.318333333333,1156,383,136,47,24,0.458,0.34,0.831,94,2025-26
1641731,Bilal Coulibaly,WAS,20.0,59,1947.506666666667,727,294,199,78,41,0.421,0.281,0.746,-587,2025-26
202687,Bismack Biyombo,SAS,32.0,28,527.4866666666667,144,158,31,16,23,0.588,0.0,0.4,-100,2025-26
1631104,Blake Wesley,SAS,22.0,58,683.1066666666667,217,61,114,37,6,0.435,0.293,0.623,-9,2025-26
1626171,Bobby Portis,MIL,30.0,49,1243.68,680,411,104,35,26,0.466,0.365,0.836,95,2025-26
1641752,Bobi Klintman,DET,22.0,8,42.38166666666667,15,7,7,2,1,0.6,0.4,0.5,0,2025-26
203992,Bogdan Bogdanović,LAC,32.0,54,1347.6583333333333,583,159,146,41,11,0.427,0.363,0.879,106,2025-26
1629626,Bol Bol,PHX,25.0,36,448.48333333333335,244,104,22,9,25,0.525,0.344,0.769,-37,2025-26
1630538,Bones Hyland,MIN,24.0,24,238.77,149,25,32,18,4,0.398,0.39,0.885,-31,2025-26
203078,Bradley Beal,PHX,32.0,53,1702.1916666666666,902,177,195,58,28,0.497,0.386,0.803,-273,2025-26
1642382,Branden Carlson,OKC,26.0,32,246.4033333333333,122,54,14,5,21,0.443,0.333,0.778,41,2025-26
1641764,Brandin Podziemski,GSW,22.0,64,1716.3483333333334,747,325,220,69,13,0.445,0.372,0.758,261,2025-26
1630527,Brandon Boston,NOP,23.0,42,992.78,448,134,92,53,9,0.436,0.35,0.788,-140,2025-26
1629634,Brandon Clarke,MEM,28.0,64,1206.861666666667,534,326,66,52,36,0.621,0.059,0.701,181,2025-26
1627742,Brandon Ingram,TOR,27.0,18,595.0316666666666,400,100,93,16,11,0.465,0.374,0.855,-128,2025-26
1641706,Brandon Miller,CHA,22.0,27,923.565,568,131,98,29,20,0.403,0.355,0.861,-124,2025-26
1630314,Brandon Williams,DAL,25.0,33,487.13,275,58,76,24,5,0.521,0.4,0.833,10,2025-26
1641729,Brice Sensabaugh,UTA,21.0,71,1431.9216666666666,772,210,110,46,8,0.459,0.422,0.89,-285,2025-26
1642355,Bronny James,LAL,20.0,27,181.2433333333333,62,18,22,9,3,0.313,0.281,0.786,-71,2025-26
201572,Brook Lopez,MIL,37.0,80,2546.07,1041,401,143,50,148,0.509,0.373,0.826,134,2025-26
1628971,Bruce Brown,NOP,28.0,41,921.53,340,164,84,34,10,0.421,0.333,0.815,-226,2025-26
1628981,Bruno Fernando,TOR,26.0,17,146.58,58,51,18,4,9,0.531,0.0,0.75,-22,2025-26
1631121,Bryce McGowens,POR,22.0,13,32.016666666666666,13,3,2,1,0,0.286,0.0,0.833,-4,2025-26
1642267,Bub Carrington,WAS,19.0,82,2457.79,807,341,364,54,21,0.401,0.339,0.812,-798,2025-26
1627741,Buddy Hield,GSW,32.0,82,1862.9883333333328,912,264,134,69,23,0.417,0.37,0.828,141,2025-26
203468,CJ McCollum,NOP,33.0,56,1831.6783333333333,1183,212,227,46,24,0.444,0.373,0.717,-279,2025-26
1630595,Cade Cunningham,DET,23.0,70,2451.9466666666667,1830,425,638,71,53,0.469,0.356,0.846,175,2025-26
1631216,Caleb Houstan,ORL,22.0,58,787.99,239,75,35,22,6,0.421,0.4,0.882,-66,2025-26
1628997,Caleb Martin,DAL,29.0,45,1218.0166666666669,356,177,95,46,23,0.424,0.359,0.622,-155,2025-26
1642353,Cam Christie,LAC,19.0,13,58.64833333333333,18,12,6,5,1,0.292,0.154,0.5,-10,2025-26
1629629,Cam Reddish,LAL,25.0,33,589.45,105,66,22,33,10,0.404,0.277,0.615,-91,2025-26
1642285,Cam Spencer,MEM,25.0,25,252.2433333333333,106,30,34,9,1,0.415,0.365,1.0,40,2025-26
1630560,Cam Thomas,BKN,23.0,25,781.1566666666666,599,83,94,15,2,0.438,0.349,0.881,-92,2025-26
1641715,Cam Whitmore,HOU,20.0,51,826.585,477,151,49,31,13,0.444,0.355,0.75,-1,2025-26
1629661,Cameron Johnson,BKN,29.0,57,1799.763333333333,1070,247,194,53,25,0.475,0.39,0.893,-200,2025-26
1626166,Cameron Payne,NYK,30.0,72,1089.9766666666667,500,104,203,39,16,0.401,0.363,0.907,204,2025-26
1627747,Caris LeVert,ATL,30.0,64,1596.1066666666666,776,203,215,57,33,0.467,0.373,0.71,258,2025-26
1641717,Cason Wallace,OKC,21.0,68,1876.26,568,229,173,120,35,0.474,0.356,0.811,369,2025-26
1629646,Charles Bassey,SAS,24.0,36,375.515,157,152,17,14,30,0.581,0.0,0.636,-129,2025-26
1631096,Chet Holmgren,OKC,23.0,32,876.54,479,257,63,23,71,0.49,0.379,0.754,294,2025-26
1628449,Chris Boucher,TOR,32.0,50,862.3,502,224,33,24,25,0.492,0.363,0.782,5,2025-26
1630537,Chris Duarte,CHI,28.0,17,74.46833333333333,36,20,9,0,0,0.462,0.4,0.75,12,2025-26
1641753,Chris Livingston,MIL,21.0,21,105.81,30,35,5,5,0,0.333,0.0,0.75,-29,2025-26
101108,Chris Paul,SAS,40.0,82,2292.1633333333334,723,296,605,103,22,0.427,0.377,0.924,4,2025-26
1631128,Christian Braun,DEN,24.0,79,2675.383333333333,1218,410,205,85,37,0.58,0.397,0.827,480,2025-26
1631132,Christian Koloko,LAL,25.0,37,341.53,90,92,16,8,16,0.606,0.0,0.714,-7,2025-26
1629643,Chuma Okeke,CLE,26.0,9,196.68,53,47,15,5,4,0.5,0.393,0.667,-28,2025-26
203991,Clint Capela,ATL,31.0,55,1176.4333333333334,488,469,62,34,53,0.559,0.0,0.536,-79,2025-26
1629632,Coby White,CHI,25.0,74,2450.2566666666667,1509,273,330,69,16,0.453,0.37,0.902,-141,2025-26
1628998,Cody Martin,PHX,29.0,53,1173.2066666666667,358,224,105,56,32,0.418,0.285,0.705,-105,2025-26
1642262,Cody Williams,UTA,20.0,50,1059.611666666667,230,113,59,23,16,0.323,0.259,0.725,-339,2025-26
1641732,Colby Jones,WAS,23.0,39,514.6483333333333,157,87,44,26,13,0.457,0.327,0.657,-112,2025-26
1630175,Cole Anthony,MEM,25.0,67,1234.1133333333332,630,204,191,45,32,0.424,0.353,0.823,-16,2025-26
1631306,Cole Swider,IND,26.0,10,169.5,59,27,3,4,2,0.349,0.319,0.0,54,2025-26
1630658,Colin Castleton,TOR,25.0,26,431.99,123,122,28,8,10,0.469,0.125,0.763,-30,2025-26
1631221,Collin Gillespie,PHX,26.0,33,461.2183333333333,194,78,78,21,5,0.43,0.433,0.864,-29,2025-26
1629012,Collin Sexton,UTA,26.0,63,1757.76,1159,171,264,47,6,0.48,0.406,0.865,-286,2025-26
1630557,Corey Kispert,WAS,26.0,61,1601.5233333333333,705,181,103,26,14,0.451,0.364,0.852,-274,2025-26
202709,Cory Joseph,ORL,33.0,50,611.7333333333333,177,74,72,26,4,0.403,0.364,0.778,35,2025-26
1641854,Craig Porter Jr.,CLE,25.0,51,513.265,188,67,71,17,15,0.514,0.438,0.719,-45,2025-26
1626156,D'Angelo Russell,BKN,29.0,58,1480.4183333333333,732,162,297,56,23,0.39,0.314,0.834,0,2025-26
1629610,DaQuan Jeffries,CHA,27.0,47,1071.506666666667,315,135,53,26,25,0.405,0.335,0.8,-276,2025-26
1630625,Dalano Banton,POR,25.0,67,1119.945,559,135,160,43,34,0.391,0.324,0.728,-55,2025-26
1631207,Dalen Terry,CHI,22.0,73,987.1783333333332,326,124,97,44,15,0.448,0.356,0.71,-172,2025-26
1642261,Dalton Knecht,LAL,24.0,78,1493.795,706,216,66,24,8,0.461,0.376,0.762,-73,2025-26
203081,Damian Lillard,MIL,34.0,58,2092.87,1447,272,410,70,10,0.448,0.376,0.921,53,2025-26
1641878,Damion Baugh,CHA,24.0,15,370.4883333333333,109,50,56,15,2,0.323,0.214,0.867,-169,2025-26
1627814,Damion Lee,PHX,32.0,25,144.01833333333337,83,20,11,6,0,0.365,0.243,0.952,25,2025-26
1629655,Daniel Gafford,DAL,26.0,57,1226.095,701,388,80,23,102,0.702,0.0,0.689,35,2025-26
1628464,Daniel Theis,NOP,33.0,38,621.2416666666667,162,164,60,18,20,0.473,0.243,0.838,-61,2025-26
203957,Dante Exum,DAL,29.0,20,372.31,174,33,56,12,3,0.478,0.434,0.742,-48,2025-26
203967,Dario Saric,DEN,31.0,16,210.38333333333333,56,50,23,7,1,0.362,0.269,0.7,-49,2025-26
1641727,Dariq Whitehead,BKN,20.0,20,246.07833333333332,114,29,12,6,1,0.406,0.446,0.6,-64,2025-26
1629636,Darius Garland,CLE,25.0,75,2300.77,1544,214,506,91,11,0.472,0.401,0.878,499,2025-26
1631223,David Roddy,HOU,24.0,33,409.7533333333333,153,84,35,14,9,0.456,0.311,0.769,-76,2025-26
1630558,Davion Mitchell,MIA,26.0,74,2027.3133333333333,588,167,363,72,16,0.468,0.398,0.69,-3,2025-26
1630549,Day'Ron Sharpe,BKN,23.0,50,907.4583333333334,397,330,91,41,42,0.521,0.244,0.757,64,2025-26
1628368,De'Aaron Fox,SAS,27.0,62,2241.1366666666668,1459,298,392,91,25,0.463,0.31,0.827,-69,2025-26
1629631,De'Andre Hunter,CLE,27.0,64,1740.015,1088,258,92,50,13,0.47,0.405,0.846,88,2025-26
201599,DeAndre Jordan,DEN,36.0,56,690.7016666666667,209,284,53,16,27,0.65,0.0,0.422,-47,2025-26
201942,DeMar DeRozan,SAC,35.0,77,2767.615,1710,298,342,62,32,0.477,0.328,0.857,110,2025-26
1629731,Dean Wade,CLE,28.0,59,1252.4516666666666,320,249,76,42,20,0.413,0.36,0.533,284,2025-26
1629028,Deandre Ayton,POR,26.0,40,1205.62,576,406,64,31,39,0.566,0.188,0.667,-162,2025-26
1627749,Dejounte Murray,NOP,28.0,31,1012.1483333333332,542,200,228,63,12,0.393,0.299,0.823,-207,2025-26
1626153,Delon Wright,NYK,33.0,40,634.4966666666667,125,66,77,35,12,0.344,0.274,0.6,1,2025-26
1630166,Deni Avdija,POR,24.0,72,2161.148333333333,1219,522,281,71,35,0.476,0.365,0.78,-78,2025-26
203471,Dennis Schröder,DET,31.0,75,2104.778333333333,980,198,404,66,12,0.406,0.342,0.838,-72,2025-26
1641726,Dereck Lively II,DAL,21.0,36,832.7366666666667,314,270,85,20,56,0.702,0.0,0.63,121,2025-26
1627884,Derrick Jones Jr.,LAC,28.0,77,1873.388333333333,781,263,60,79,33,0.526,0.356,0.703,249,2025-26
1628401,Derrick White,BOS,30.0,76,2573.615,1248,341,361,72,80,0.442,0.384,0.839,540,2025-26
1630217,Desmond Bane,ORL,27.0,69,2205.225,1327,418,369,80,28,0.484,0.392,0.894,143,2025-26
1626164,Devin Booker,PHX,28.0,75,2794.9666666666667,1923,305,529,67,16,0.461,0.332,0.894,-177,2025-26
1642269,Devin Carter,SAC,23.0,36,395.9433333333333,138,76,41,21,4,0.37,0.295,0.591,43,2025-26
1630170,Devin Vassell,SAS,24.0,64,1983.185,1041,255,183,84,33,0.443,0.368,0.792,-262,2025-26
1628415,Dillon Brooks,HOU,29.0,75,2388.2616666666668,1053,275,128,60,16,0.429,0.397,0.818,207,2025-26
1641794,Dillon Jones,OKC,23.0,54,551.4933333333333,135,121,58,16,4,0.383,0.254,0.607,75,2025-26
1627734,Domantas Sabonis,SAC,29.0,70,2428.8766666666666,1337,972,423,48,26,0.59,0.417,0.754,144,2025-26
1631230,Dominick Barlow,ATL,22.0,35,374.9983333333333,148,85,19,9,16,0.531,0.259,0.636,-2,2025-26
1642270,Donovan Clingan,POR,21.0,67,1323.6433333333334,436,527,77,34,110,0.539,0.286,0.596,-2,2025-26
1628378,Donovan Mitchell,CLE,28.0,71,2232.0333333333333,1701,322,354,95,17,0.443,0.368,0.823,522,2025-26
1628978,Donte DiVincenzo,MIN,28.0,62,1605.7333333333331,723,228,225,73,17,0.422,0.397,0.778,174,2025-26
1627827,Dorian Finney-Smith,LAL,32.0,63,1818.6783333333333,549,247,90,58,23,0.448,0.411,0.667,309,2025-26
203926,Doug McDermott,SAC,33.0,42,341.65166666666664,147,22,7,4,2,0.427,0.436,0.6,27,2025-26
203110,Draymond Green,GSW,35.0,68,1983.3066666666664,613,414,383,99,70,0.424,0.325,0.687,275,2025-26
1629234,Drew Eubanks,LAC,28.0,61,746.01,280,226,54,12,39,0.593,0.5,0.662,-126,2025-26
1641809,Drew Peterson,BOS,25.0,25,186.14666666666668,54,40,13,5,2,0.415,0.394,0.778,46,2025-26
1631166,Drew Timme,BKN,24.0,9,253.87833333333333,109,65,20,4,1,0.441,0.257,0.625,-66,2025-26
1630696,Dru Smith,MIA,27.0,14,268.205,87,36,23,21,6,0.508,0.533,0.75,38,2025-26
1629130,Duncan Robinson,MIA,31.0,74,1785.595,817,167,176,40,6,0.437,0.393,0.887,66,2025-26
1641871,Duop Reath,POR,29.0,46,469.4266666666667,194,92,26,12,14,0.422,0.321,0.909,-55,2025-26
203939,Dwight Powell,DAL,33.0,55,550.86,114,118,55,18,21,0.689,0.4,0.651,-14,2025-26
1630700,Dyson Daniels,ATL,22.0,76,2571.17,1073,449,333,229,55,0.493,0.34,0.593,-65,2025-26
1630604,E.J. Liddell,CHI,24.0,12,52.85666666666667,21,9,3,1,1,0.533,0.3,1.0,-8,2025-26
203901,Elfrid Payton,NOP,31.0,24,510.805,85,79,166,24,11,0.328,0.167,0.571,-149,2025-26
1641989,Elijah Harkless,UTA,25.0,10,138.0,32,21,8,10,1,0.314,0.28,0.5,31,2025-26
1641734,Emoni Bates,CLE,21.0,10,74.78333333333333,37,7,8,1,1,0.342,0.367,0.0,-34,2025-26
1642402,Enrique Freeman,IND,24.0,22,181.205,46,30,9,3,3,0.432,0.1,0.684,-19,2025-26
201569,Eric Gordon,PHI,36.0,39,768.4916666666667,266,46,65,26,12,0.426,0.409,0.75,-72,2025-26
1630596,Evan Mobley,CLE,24.0,71,2166.555,1316,659,226,61,113,0.557,0.37,0.725,546,2025-26
1630532,Franz Wagner,ORL,23.0,60,2023.3066666666664,1449,342,284,75,21,0.463,0.295,0.871,247,2025-26
1627832,Fred VanVleet,HOU,31.0,60,2111.298333333333,844,221,333,94,25,0.378,0.345,0.81,264,2025-26
1641713,GG Jackson,MEM,20.0,29,458.615,209,92,29,12,5,0.372,0.337,0.725,-68,2025-26
1629216,Gabe Vincent,LAL,29.0,72,1527.265,460,92,98,51,13,0.4,0.353,0.714,48,2025-26
202066,Garrett Temple,TOR,39.0,28,226.76833333333332,53,29,31,17,2,0.3,0.214,0.917,-28,2025-26
1629726,Garrison Mathews,ATL,28.0,47,829.5083333333333,353,87,60,26,15,0.397,0.39,0.821,-60,2025-26
203914,Gary Harris,ORL,30.0,48,710.71,145,64,30,26,12,0.383,0.356,0.583,86,2025-26
1627780,Gary Payton II,GSW,32.0,62,927.1766666666666,400,185,83,52,17,0.574,0.326,0.711,45,2025-26
1629018,Gary Trent Jr.,MIL,26.0,74,1893.395,824,168,87,72,4,0.431,0.416,0.848,70,2025-26
1627777,Georges Niang,ATL,32.0,79,1697.2333333333331,784,272,111,28,14,0.461,0.406,0.793,194,2025-26
203507,Giannis Antetokounmpo,MIL,30.0,67,2288.63,2036,798,433,58,78,0.601,0.222,0.617,334,2025-26
1629048,Goga Bitadze,ORL,25.0,70,1429.4616666666666,502,463,137,49,98,0.611,0.107,0.639,80,2025-26
1641711,Gradey Dick,TOR,21.0,54,1587.3733333333332,777,193,98,48,10,0.41,0.35,0.858,-210,2025-26
1629684,Grant Williams,CHA,26.0,16,479.025,166,82,37,18,13,0.439,0.365,0.838,10,2025-26
1628960,Grayson Allen,PHX,29.0,64,1543.705,680,194,137,54,19,0.448,0.426,0.816,-79,2025-26
1627824,Guerschon Yabusele,PHI,29.0,70,1894.736666666667,768,395,148,58,24,0.501,0.38,0.725,-118,2025-26
1630611,Gui Santos,GSW,23.0,56,761.5233333333333,227,172,80,25,10,0.458,0.33,0.69,165,2025-26
203084,Harrison Barnes,SAS,33.0,82,2230.063333333333,1011,310,136,39,14,0.508,0.433,0.809,-25,2025-26
1629312,Haywood Highsmith,MIA,28.0,74,1818.3266666666664,478,252,112,68,37,0.458,0.382,0.721,61,2025-26
1630529,Herbert Jones,NOP,26.0,20,648.1316666666667,205,78,65,37,9,0.436,0.306,0.825,-20,2025-26
1641816,Hunter Tyson,DEN,25.0,51,399.935,134,78,20,10,6,0.375,0.311,0.75,-98,2025-26
1630193,Immanuel Quickley,TOR,26.0,33,917.7533333333332,564,117,191,23,4,0.42,0.378,0.867,-39,2025-26
1642403,Isaac Jones,SAC,24.0,40,303.86333333333334,134,57,12,5,10,0.651,0.375,0.639,-64,2025-26
1630171,Isaac Okoro,CLE,24.0,55,1053.2033333333334,337,130,68,32,16,0.464,0.371,0.717,253,2025-26
1642268,Isaiah Collier,UTA,20.0,71,1839.1066666666663,615,235,446,66,16,0.422,0.249,0.682,-403,2025-26
1642384,Isaiah Crawford,SAC,23.0,15,45.66666666666666,13,8,1,1,2,0.455,0.2,0.5,23,2025-26
1628392,Isaiah Hartenstein,OKC,27.0,57,1589.6416666666669,637,611,219,47,62,0.581,0.0,0.675,417,2025-26
1630198,Isaiah Joe,OKC,25.0,74,1603.9766666666667,756,196,119,48,9,0.44,0.412,0.821,550,2025-26
1630191,Isaiah Stewart,DET,24.0,72,1433.8483333333334,435,399,123,28,101,0.559,0.321,0.759,9,2025-26
1631209,Isaiah Wong,CHA,24.0,20,265.50333333333333,120,32,28,11,0,0.39,0.394,0.735,-6,2025-26
1627826,Ivica Zubac,LAC,28.0,80,2624.1766666666667,1340,1010,214,55,90,0.628,0.0,0.661,514,2025-26
1631120,JD Davison,BOS,22.0,16,92.915,33,13,13,5,1,0.353,0.222,0.714,-28,2025-26
1630550,JT Thor,WAS,22.0,20,249.31666666666663,71,48,6,8,9,0.424,0.286,0.682,-96,2025-26
1629630,Ja Morant,MEM,25.0,50,1519.11,1159,205,364,61,12,0.454,0.309,0.824,226,2025-26
1642266,Ja'Kobe Walter,TOR,20.0,52,1103.235,449,160,81,43,10,0.405,0.349,0.795,-83,2025-26
1631095,Jabari Smith Jr.,HOU,22.0,57,1715.5783333333334,698,399,60,25,41,0.438,0.354,0.825,250,2025-26
1631133,Jabari Walker,POR,22.0,60,749.165,313,211,37,33,6,0.515,0.389,0.69,15,2025-26
1629098,Jack McVeigh,HOU,29.0,9,43.25,14,5,1,0,2,0.294,0.308,0.0,-10,2025-26
1631210,Jacob Toppin,ATL,25.0,17,75.15,23,15,6,2,0,0.409,0.5,0.0,-25,2025-26
1630702,Jaden Hardy,DAL,22.0,57,907.4383333333334,496,89,81,28,5,0.435,0.386,0.698,-65,2025-26
1631093,Jaden Ivey,DET,23.0,30,898.0333333333333,528,124,119,28,11,0.46,0.409,0.733,-62,2025-26
1630183,Jaden McDaniels,MIN,24.0,82,2614.41,1000,470,163,110,74,0.477,0.33,0.813,172,2025-26
1630531,Jaden Springer,UTA,22.0,43,365.175,109,58,33,24,4,0.389,0.25,0.711,-32,2025-26
203109,Jae Crowder,SAC,34.0,9,102.76166666666668,23,20,6,3,0,0.318,0.267,0.833,-18,2025-26
1630256,Jae'Sean Tate,HOU,29.0,52,588.11,188,117,47,26,7,0.473,0.348,0.681,51,2025-26
1631170,Jaime Jaquez Jr.,MIA,24.0,66,1368.38,570,290,166,61,14,0.461,0.311,0.754,-152,2025-26
1631222,Jake LaRavia,SAC,23.0,66,1349.28,458,259,158,62,23,0.475,0.423,0.678,126,2025-26
1627751,Jakob Poeltl,TOR,29.0,57,1685.7483333333332,824,547,158,66,71,0.627,0.333,0.674,-37,2025-26
1641779,Jalen Bridges,PHX,24.0,8,30.37333333333333,9,4,0,0,0,0.286,0.286,0.75,7,2025-26
1628973,Jalen Brunson,NYK,28.0,65,2300.708333333333,1690,187,475,60,8,0.488,0.383,0.821,146,2025-26
1631105,Jalen Duren,DET,21.0,78,2033.5483333333332,918,807,209,54,89,0.692,0.0,0.669,36,2025-26
1630224,Jalen Green,HOU,23.0,82,2697.11,1723,377,282,71,27,0.423,0.354,0.813,166,2025-26
1641720,Jalen Hood-Schifino,PHI,22.0,15,314.6766666666667,106,27,37,5,7,0.378,0.304,0.857,-96,2025-26
1630552,Jalen Johnson,ATL,23.0,36,1284.1783333333333,680,359,181,56,36,0.5,0.312,0.746,55,2025-26
1629618,Jalen Pickett,DEN,25.0,49,666.19,200,71,107,19,5,0.428,0.396,0.75,52,2025-26
1630188,Jalen Smith,CHI,25.0,64,962.3833333333332,524,357,65,17,44,0.466,0.324,0.809,-36,2025-26
1630591,Jalen Suggs,ORL,24.0,35,1002.4533333333334,567,141,129,51,33,0.41,0.314,0.882,3,2025-26
1631114,Jalen Williams,OKC,24.0,69,2236.673333333333,1490,369,354,111,46,0.484,0.365,0.789,456,2025-26
1630592,Jalen Wilson,BKN,24.0,79,2031.3866666666668,749,270,145,40,5,0.397,0.337,0.818,-262,2025-26
1631288,Jamal Cain,NOP,26.0,37,501.79833333333335,196,85,22,23,9,0.43,0.325,0.68,-132,2025-26
1627750,Jamal Murray,DEN,28.0,67,2418.346666666667,1436,261,403,91,33,0.474,0.393,0.886,331,2025-26
1642347,Jamal Shead,TOR,22.0,75,1466.825,533,115,316,58,10,0.405,0.323,0.768,-234,2025-26
201935,James Harden,LAC,35.0,79,2789.036666666667,1802,456,687,118,55,0.41,0.352,0.874,344,2025-26
201949,James Johnson,IND,38.0,12,36.61666666666667,8,6,4,0,2,0.364,0.0,0.0,-9,2025-26
1642419,Jamison Battle,TOR,24.0,59,1041.6783333333333,419,158,53,17,10,0.429,0.405,0.889,-183,2025-26
1641716,Jarace Walker,IND,21.0,75,1186.62,461,229,110,54,25,0.472,0.405,0.667,-146,2025-26
1630215,Jared Butler,PHI,24.0,60,1043.735,541,110,220,42,13,0.448,0.355,0.824,-131,2025-26
1642272,Jared McCain,PHI,21.0,23,591.7916666666666,352,56,60,15,0,0.46,0.383,0.875,-27,2025-26
1631197,Jared Rhoden,TOR,25.0,14,226.16333333333333,118,42,16,10,2,0.483,0.308,0.88,64,2025-26
1628991,Jaren Jackson Jr.,MEM,25.0,74,2206.951666666667,1641,417,148,92,113,0.488,0.375,0.781,331,2025-26
1629020,Jarred Vanderbilt,LAL,26.0,36,580.8583333333333,147,182,41,35,10,0.488,0.281,0.556,35,2025-26
1628386,Jarrett Allen,CLE,27.0,82,2296.0533333333333,1103,798,158,77,73,0.706,0.0,0.718,514,2025-26
1629750,Javonte Green,CLE,31.0,68,1257.8333333333333,347,218,56,65,31,0.429,0.326,0.724,-212,2025-26
1629637,Jaxson Hayes,LAL,25.0,56,1092.6833333333334,383,269,58,31,51,0.722,0.0,0.622,87,2025-26
1630643,Jay Huff,MEM,27.0,64,748.0316666666666,439,129,38,16,56,0.515,0.405,0.786,25,2025-26
1627759,Jaylen Brown,BOS,28.0,63,2157.9283333333333,1398,368,286,73,19,0.463,0.324,0.764,402,2025-26
1641740,Jaylen Clark,MIN,23.0,40,521.9933333333333,163,53,26,36,2,0.467,0.431,0.784,44,2025-26
1641798,Jaylen Martin,WAS,21.0,16,238.6266666666667,78,44,17,9,0,0.419,0.304,0.9,-131,2025-26
1629669,Jaylen Nowell,WAS,25.0,8,168.075,67,20,18,1,4,0.356,0.296,0.636,-42,2025-26
1642377,Jaylen Wells,MEM,21.0,79,2043.4816666666663,823,268,135,44,8,0.425,0.352,0.822,186,2025-26
1631119,Jaylin Williams,OKC,23.0,47,784.055,278,262,120,22,29,0.439,0.399,0.767,302,2025-26
1642281,Jaylon Tyson,CLE,22.0,47,452.96,167,96,44,13,3,0.43,0.345,0.792,-2,2025-26
1628369,Jayson Tatum,BOS,27.0,72,2623.8166666666666,1932,623,431,76,38,0.452,0.343,0.814,534,2025-26
1641789,Jazian Gortman,DAL,22.0,16,56.61666666666667,24,5,6,2,1,0.391,0.364,0.5,11,2025-26
1630288,Jeff Dowtin Jr.,PHI,28.0,41,620.77,285,60,78,24,12,0.487,0.4,0.733,-103,2025-26
201145,Jeff Green,HOU,38.0,32,396.44666666666666,172,58,20,6,4,0.504,0.367,0.808,-38,2025-26
203924,Jerami Grant,POR,31.0,47,1523.5866666666666,677,163,101,41,46,0.373,0.365,0.849,-202,2025-26
1630526,Jeremiah Robinson-Earl,NOP,24.0,66,1238.9,418,315,88,39,7,0.455,0.341,0.836,-331,2025-26
1631110,Jeremy Sochan,SAS,22.0,54,1363.9683333333332,617,352,128,45,27,0.535,0.308,0.696,-88,2025-26
1630579,Jericho Sims,MIL,26.0,53,631.245,98,197,33,10,19,0.634,0.0,0.615,25,2025-26
1641724,Jett Howard,ORL,21.0,60,701.1066666666667,267,70,44,13,11,0.374,0.296,0.696,-86,2025-26
1628975,Jevon Carter,CHI,29.0,36,320.5733333333333,153,39,40,13,3,0.377,0.333,0.8,37,2025-26
202710,Jimmy Butler III,GSW,35.0,55,1746.135,964,296,298,77,18,0.504,0.308,0.842,246,2025-26
1629111,Jock Landale,HOU,29.0,42,500.0233333333333,200,137,37,13,10,0.533,0.423,0.675,-25,2025-26
204060,Joe Ingles,MIN,37.0,19,114.08666666666667,15,11,23,2,0,0.261,0.2,0.0,2,2025-26
203954,Joel Embiid,PHI,31.0,19,574.3933333333333,452,155,85,14,18,0.444,0.299,0.882,-57,2025-26
1628381,John Collins,UTA,27.0,40,1220.4916666666666,758,327,80,39,40,0.527,0.399,0.848,-16,2025-26
1629723,John Konchar,MEM,29.0,46,558.2233333333334,112,151,42,30,14,0.451,0.371,0.875,58,2025-26
1631098,Johnny Davis,WAS,23.0,34,241.65833333333333,80,38,11,15,6,0.41,0.241,0.6,-26,2025-26
1642277,Johnny Furphy,IND,20.0,50,379.4966666666666,103,71,19,18,11,0.38,0.3,0.818,22,2025-26
1630548,Johnny Juzang,UTA,24.0,64,1269.83,571,184,68,39,8,0.429,0.376,0.849,-357,2025-26
202685,Jonas Valančiūnas,SAC,33.0,81,1523.763333333333,843,627,164,37,46,0.55,0.216,0.879,-304,2025-26
1628371,Jonathan Isaac,ORL,27.0,71,1090.015,380,314,40,61,80,0.414,0.258,0.682,-38,2025-26
1630228,Jonathan Kuminga,GSW,22.0,47,1144.08,719,217,104,38,21,0.454,0.305,0.668,8,2025-26
1642367,Jonathan Mogbo,TOR,23.0,63,1285.655,389,311,146,55,34,0.438,0.243,0.732,-241,2025-26
203903,Jordan Clarkson,UTA,33.0,37,962.47,600,118,138,31,9,0.408,0.362,0.797,-204,2025-26
1630692,Jordan Goodwin,LAL,26.0,29,542.575,161,112,42,30,11,0.438,0.382,0.818,-11,2025-26
1641722,Jordan Hawkins,NOP,23.0,56,1320.5,604,158,66,30,23,0.372,0.331,0.816,-317,2025-26
1629162,Jordan McLaughlin,SAS,29.0,46,314.27666666666664,98,30,51,16,1,0.431,0.413,0.773,57,2025-26
1641757,Jordan Miller,LAC,25.0,37,420.31,152,58,34,17,5,0.433,0.211,0.8,-63,2025-26
1629673,Jordan Poole,WAS,26.0,68,2000.8866666666668,1391,203,303,86,27,0.432,0.378,0.883,-558,2025-26
1641775,Jordan Walsh,BOS,21.0,52,403.0033333333333,82,69,19,12,11,0.361,0.273,0.583,25,2025-26
1630631,Jose Alvarado,NOP,27.0,56,1365.9,579,136,259,74,14,0.392,0.359,0.811,-232,2025-26
1630528,Josh Christopher,MIA,23.0,14,69.35,28,9,8,5,3,0.355,0.182,0.667,-5,2025-26
1630581,Josh Giddey,CHI,22.0,70,2116.641666666667,1022,566,503,84,45,0.465,0.378,0.781,-68,2025-26
1630182,Josh Green,CHA,24.0,68,1887.503333333333,506,172,108,74,15,0.428,0.391,0.681,-364,2025-26
1628404,Josh Hart,NYK,30.0,77,2896.83,1051,737,453,119,27,0.525,0.333,0.776,203,2025-26
1631169,Josh Minott,MIN,22.0,46,276.275,119,47,18,15,12,0.489,0.326,0.895,-16,2025-26
1629006,Josh Okogie,CHA,26.0,40,624.9783333333334,283,113,33,48,19,0.443,0.348,0.741,-13,2025-26
1626196,Josh Richardson,MIA,31.0,8,149.49,32,12,12,8,1,0.289,0.273,1.0,-31,2025-26
201950,Jrue Holiday,BOS,35.0,62,1896.0683333333332,686,265,239,66,27,0.443,0.353,0.909,339,2025-26
1630577,Julian Champagnie,SAS,24.0,82,1932.128333333333,815,318,111,61,35,0.415,0.371,0.904,-67,2025-26
1641763,Julian Phillips,CHI,21.0,79,1122.905,366,169,39,38,20,0.446,0.327,0.789,30,2025-26
1631124,Julian Strawther,DEN,23.0,65,1383.47,588,142,83,39,16,0.432,0.349,0.822,-71,2025-26
203944,Julius Randle,MIN,30.0,69,2225.526666666666,1288,487,323,47,16,0.485,0.344,0.806,166,2025-26
1630551,Justin Champagnie,WAS,24.0,62,1340.5333333333333,544,351,60,65,39,0.511,0.383,0.685,-288,2025-26
1642348,Justin Edwards,PHI,21.0,44,1154.72,445,148,69,45,16,0.455,0.363,0.696,-280,2025-26
1631303,Justin Minaya,POR,26.0,19,100.67333333333332,18,10,7,6,1,0.381,0.2,0.0,-12,2025-26
203994,Jusuf Nurkić,CHA,30.0,51,1062.8266666666666,453,398,115,40,34,0.477,0.305,0.664,-184,2025-26
1630231,KJ Martin,UTA,24.0,43,911.4983333333332,274,125,48,17,22,0.552,0.259,0.787,-142,2025-26
1642354,KJ Simpson,CHA,22.0,36,842.0833333333334,282,109,112,34,6,0.346,0.254,0.82,-278,2025-26
1630539,Kai Jones,DAL,24.0,40,468.37,198,125,25,15,23,0.798,0.2,0.719,-21,2025-26
1626157,Karl-Anthony Towns,NYK,29.0,72,2516.72,1759,920,222,71,50,0.526,0.42,0.829,378,2025-26
1631255,Karlo Matković,NOP,24.0,42,790.585,325,209,46,22,41,0.574,0.318,0.773,-89,2025-26
202695,Kawhi Leonard,LAC,34.0,37,1179.9566666666667,796,219,116,59,17,0.498,0.411,0.81,296,2025-26
1630811,Keaton Wallace,ATL,26.0,31,501.1666666666667,168,50,81,28,9,0.401,0.329,1.0,-19,2025-26
1631099,Keegan Murray,SAC,24.0,76,2610.173333333333,942,507,109,61,69,0.444,0.343,0.833,46,2025-26
1631232,Keion Brooks Jr.,NOP,24.0,14,331.7816666666667,142,58,13,10,10,0.486,0.326,0.733,-145,2025-26
1642276,Kel'el Ware,MIA,21.0,64,1422.486666666667,595,473,60,39,71,0.554,0.315,0.687,39,2025-26
1629640,Keldon Johnson,SAS,25.0,77,1837.996666666667,979,371,125,49,22,0.482,0.318,0.773,-217,2025-26
203482,Kelly Olynyk,NOP,34.0,44,890.9983333333333,384,206,128,33,19,0.5,0.418,0.769,-58,2025-26
1626162,Kelly Oubre Jr.,PHI,29.0,60,2078.19,906,368,108,92,30,0.47,0.293,0.751,-258,2025-26
1629026,Kenrich Williams,OKC,30.0,69,1131.5383333333334,436,241,97,43,10,0.483,0.386,0.718,329,2025-26
203484,Kentavious Caldwell-Pope,MEM,32.0,77,2279.036666666667,673,169,136,99,34,0.439,0.342,0.863,11,2025-26
1631165,Keon Ellis,SAC,25.0,80,1948.1916666666664,666,212,120,121,63,0.489,0.433,0.849,64,2025-26
1630553,Keon Johnson,BKN,23.0,79,1925.2016666666664,839,297,175,82,30,0.389,0.314,0.77,-423,2025-26
1642352,Keshad Johnson,MIA,24.0,16,98.125,43,28,4,5,4,0.692,0.429,0.444,5,2025-26
1630556,Kessler Edwards,DAL,24.0,40,608.46,168,115,42,19,20,0.496,0.407,0.923,-158,2025-26
201142,Kevin Durant,PHX,36.0,62,2264.685,1647,374,263,50,77,0.527,0.43,0.839,-38,2025-26
1628989,Kevin Huerter,CHI,26.0,69,1678.993333333333,681,205,156,66,23,0.425,0.338,0.714,104,2025-26
1628995,Kevin Knox II,GSW,25.0,14,83.65666666666667,46,17,5,2,4,0.5,0.267,0.75,-3,2025-26
201567,Kevin Love,MIA,36.0,23,251.45333333333332,122,94,22,15,4,0.357,0.358,0.696,-25,2025-26
1629645,Kevin Porter Jr.,MIL,25.0,75,1482.02,771,278,256,81,13,0.449,0.311,0.769,27,2025-26
1626172,Kevon Looney,GSW,29.0,76,1142.155,344,462,118,46,37,0.514,0.4,0.566,117,2025-26
1641718,Keyonte George,UTA,21.0,67,2108.475,1125,253,377,46,9,0.391,0.343,0.818,-512,2025-26
203114,Khris Middleton,WAS,33.0,37,843.1816666666666,440,137,150,35,8,0.475,0.361,0.857,39,2025-26
202691,Klay Thompson,DAL,35.0,72,1964.5683333333332,1005,246,145,50,30,0.412,0.391,0.905,-79,2025-26
1641738,Kobe Brown,LAC,25.0,40,272.22,77,65,24,7,4,0.458,0.231,0.714,-53,2025-26
1641723,Kobe Bufkin,ATL,21.0,10,123.63666666666668,53,21,17,3,2,0.383,0.211,0.722,-23,2025-26
1627739,Kris Dunn,LAC,31.0,74,1782.9183333333333,474,251,210,128,27,0.439,0.335,0.682,262,2025-26
1631200,Kris Murray,POR,24.0,69,1040.3866666666668,287,182,68,35,17,0.419,0.225,0.456,-50,2025-26
204001,Kristaps Porziņģis,BOS,29.0,42,1209.9633333333334,818,284,87,31,63,0.483,0.412,0.809,173,2025-26
203937,Kyle Anderson,MIA,31.0,61,1002.0933333333334,357,206,145,40,33,0.469,0.357,0.738,-22,2025-26
1642271,Kyle Filipowski,UTA,21.0,72,1521.54,690,440,140,48,22,0.502,0.35,0.65,-366,2025-26
1628398,Kyle Kuzma,MIL,29.0,65,1936.415,964,370,152,36,19,0.436,0.307,0.634,-419,2025-26
200768,Kyle Lowry,PHI,39.0,35,659.4483333333334,138,67,96,33,11,0.35,0.33,0.818,-71,2025-26
1630283,Kylor Kelley,LAL,27.0,11,125.95666666666666,34,39,5,1,3,0.636,0.0,0.6,-75,2025-26
202681,Kyrie Irving,DAL,33.0,50,1803.7966666666664,1234,240,231,66,23,0.473,0.401,0.916,124,2025-26
1642273,Kyshawn George,WAS,21.0,68,1802.1833333333332,590,285,169,68,50,0.372,0.322,0.753,-361,2025-26
1630163,LaMelo Ball,CHA,23.0,47,1504.475,1184,232,346,54,13,0.405,0.339,0.843,-130,2025-26
1630205,Lamar Stevens,MEM,27.0,17,155.535,74,38,8,5,3,0.46,0.296,0.727,67,2025-26
1629013,Landry Shamet,NYK,28.0,50,761.6,286,61,27,23,2,0.461,0.397,0.667,88,2025-26
1626204,Larry Nance Jr.,ATL,32.0,24,463.2266666666667,203,103,38,20,13,0.516,0.447,0.692,-95,2025-26
1628374,Lauri Markkanen,UTA,28.0,47,1475.8433333333332,892,278,70,33,17,0.423,0.346,0.876,-186,2025-26
2544,LeBron James,LAL,40.0,70,2444.4466666666667,1710,546,575,70,39,0.513,0.376,0.782,-54,2025-26
1631159,Leonard Miller,MIN,21.0,13,31.595,20,11,0,2,1,0.4,0.0,1.0,-12,2025-26
1631311,Lester Quinones,NOP,24.0,13,183.36666666666667,86,19,24,3,2,0.397,0.295,0.846,-26,2025-26
1641857,Liam Robbins,MIL,25.0,13,56.96666666666667,9,12,2,2,2,0.25,0.0,0.5,-5,2025-26
1630322,Lindy Waters III,DET,27.0,52,778.41,256,110,52,27,11,0.369,0.344,0.727,13,2025-26
1629022,Lonnie Walker IV,PHI,26.0,20,476.7033333333333,247,63,50,10,5,0.42,0.354,0.8,-142,2025-26
1628366,Lonzo Ball,CHI,27.0,35,777.03,267,118,115,47,17,0.366,0.344,0.815,100,2025-26
1629652,Luguentz Dort,OKC,26.0,71,2073.3,719,293,115,79,39,0.435,0.412,0.717,547,2025-26
1629029,Luka Dončić,LAL,26.0,50,1768.55,1408,409,383,89,21,0.45,0.368,0.782,344,2025-26
1630568,Luka Garza,MIN,26.0,39,219.31,138,54,11,6,3,0.495,0.278,0.686,1,2025-26
1628379,Luke Kennard,MEM,29.0,65,1471.6916666666666,576,183,215,50,5,0.478,0.433,0.895,122,2025-26
1628436,Luke Kornet,BOS,29.0,73,1361.06,441,388,117,36,71,0.668,0.0,0.691,401,2025-26
1631247,Luke Travers,CLE,23.0,12,87.86,12,20,8,1,1,0.25,0.0,1.0,-1,2025-26
1631103,Malaki Branham,SAS,22.0,47,426.555,235,51,38,11,2,0.458,0.405,0.818,-33,2025-26
1627763,Malcolm Brogdon,WAS,32.0,24,564.0766666666667,305,91,98,13,5,0.433,0.286,0.88,-121,2025-26
1627736,Malik Beasley,DET,28.0,82,2282.9466666666667,1336,214,139,73,5,0.43,0.416,0.679,175,2025-26
1628370,Malik Monk,SAC,27.0,65,2054.11,1117,245,362,61,38,0.439,0.325,0.865,116,2025-26
1630699,MarJon Beauchamp,NYK,24.0,35,156.28166666666667,79,44,11,4,1,0.415,0.345,0.75,9,2025-26
1630542,Marcus Bagley,PHI,23.0,10,253.155,67,70,10,9,12,0.391,0.156,0.8,-84,2025-26
1631204,Marcus Sasser,DET,24.0,57,810.7866666666666,375,69,133,37,4,0.463,0.382,0.843,41,2025-26
203935,Marcus Smart,WAS,31.0,34,680.34,305,72,109,39,9,0.393,0.348,0.761,42,2025-26
1631109,Mark Williams,CHA,23.0,44,1171.045,671,447,109,32,54,0.604,0.0,0.804,-301,2025-26
1628365,Markelle Fultz,SAC,27.0,21,184.0583333333333,61,20,27,10,2,0.418,0.5,1.0,5,2025-26
202693,Markieff Morris,LAL,35.0,15,164.43333333333334,56,23,21,2,3,0.3,0.25,0.833,-28,2025-26
1628963,Marvin Bagley III,MEM,26.0,31,265.2266666666667,136,84,11,9,8,0.519,0.158,0.657,-10,2025-26
1630222,Mason Jones,SAC,26.0,10,45.391666666666666,23,9,11,0,1,0.5,0.125,0.8,1,2025-26
203486,Mason Plumlee,PHX,35.0,74,1300.045,333,455,134,33,47,0.619,0.0,0.648,54,2025-26
1641824,Matas Buzelis,CHI,20.0,80,1511.295,688,278,79,29,75,0.454,0.361,0.815,-35,2025-26
1629680,Matisse Thybulle,POR,28.0,15,312.2816666666667,112,52,28,33,9,0.477,0.438,0.467,1,2025-26
1630346,Matt Ryan,NOP,28.0,19,67.82166666666667,28,8,3,2,0,0.323,0.316,1.0,-40,2025-26
1631108,Max Christie,DAL,22.0,78,2127.141666666667,749,258,146,64,31,0.427,0.366,0.855,-83,2025-26
1629622,Max Strus,CLE,29.0,50,1272.725,471,217,158,26,12,0.442,0.386,0.824,221,2025-26
1628467,Maxi Kleber,LAL,33.0,34,636.875,103,95,43,9,17,0.385,0.265,0.762,-17,2025-26
1641721,Maxwell Lewis,BKN,22.0,28,327.68833333333333,116,55,19,9,7,0.417,0.38,0.7,-68,2025-26
1630695,Micah Potter,UTA,27.0,38,705.165,162,164,31,14,14,0.422,0.316,0.85,-104,2025-26
1629008,Michael Porter Jr.,DEN,27.0,77,2593.2633333333333,1398,540,165,50,38,0.504,0.395,0.768,265,2025-26
1628969,Mikal Bridges,NYK,28.0,82,3036.076666666667,1444,259,306,75,43,0.5,0.354,0.814,334,2025-26
201144,Mike Conley,MIN,37.0,71,1755.85,582,182,319,79,14,0.4,0.41,0.9,265,2025-26
1628970,Miles Bridges,CHA,27.0,64,2028.735,1300,481,248,44,45,0.431,0.313,0.87,-259,2025-26
1630540,Miles McBride,NYK,24.0,64,1593.455,611,161,187,67,17,0.406,0.369,0.813,211,2025-26
1629011,Mitchell Robinson,NYK,27.0,17,290.12333333333333,87,101,13,16,18,0.661,0.0,0.684,23,2025-26
1628964,Mo Bamba,NOP,27.0,32,413.485,138,145,18,9,31,0.464,0.278,0.704,-75,2025-26
1628420,Monte Morris,PHX,30.0,45,570.77,233,67,73,20,3,0.426,0.36,0.857,47,2025-26
1629021,Moritz Wagner,ORL,28.0,30,564.1566666666666,386,148,42,24,12,0.562,0.36,0.718,-17,2025-26
1629650,Moses Brown,DAL,25.0,13,118.57666666666668,76,44,2,6,4,0.694,0.0,0.727,-14,2025-26
1630541,Moses Moody,GSW,23.0,74,1649.15,724,189,96,59,31,0.433,0.374,0.797,132,2025-26
1631243,Mouhamed Gueye,ATL,22.0,33,532.7566666666667,197,139,27,28,33,0.421,0.259,0.762,87,2025-26
1631217,Moussa Diabaté,CHA,23.0,71,1240.6333333333334,403,438,56,46,40,0.596,0.0,0.595,-123,2025-26
1626167,Myles Turner,IND,29.0,72,2173.6366666666668,1120,471,111,54,144,0.481,0.396,0.773,202,2025-26
1630230,Naji Marshall,DAL,27.0,69,1919.0833333333333,914,328,208,70,11,0.508,0.275,0.813,-137,2025-26
1631466,Nate Williams,HOU,26.0,20,146.62,65,13,9,8,4,0.435,0.231,0.625,-24,2025-26
1629675,Naz Reid,MIN,25.0,80,2200.116666666667,1138,480,181,58,72,0.462,0.379,0.776,340,2025-26
1629674,Neemias Queta,BOS,25.0,62,863.09,310,236,45,18,42,0.65,0.0,0.754,155,2025-26
1629651,Nic Claxton,BKN,26.0,70,1881.7316666666663,724,515,157,62,100,0.563,0.238,0.513,-497,2025-26
1630208,Nick Richards,PHX,27.0,57,1256.2233333333334,529,466,49,14,55,0.591,0.0,0.744,-235,2025-26
1641733,Nick Smith Jr.,CHA,21.0,60,1368.746666666667,591,128,145,17,6,0.391,0.34,0.935,-398,2025-26
1629638,Nickeil Alexander-Walker,MIN,26.0,82,2073.1016666666665,773,265,223,50,34,0.438,0.381,0.78,270,2025-26
201587,Nicolas Batum,LAC,36.0,78,1367.3733333333332,313,218,84,52,36,0.437,0.433,0.81,152,2025-26
203999,Nikola Jokić,DEN,30.0,70,2570.765,2071,892,716,127,45,0.576,0.417,0.8,594,2025-26
1631107,Nikola Jović,MIA,22.0,46,1155.6766666666667,494,180,131,38,13,0.456,0.371,0.828,-20,2025-26
202696,Nikola Vučević,CHI,34.0,73,2278.25,1349,735,256,61,52,0.53,0.402,0.805,-98,2025-26
1641730,Noah Clowney,BKN,20.0,46,1042.2866666666666,420,181,40,24,21,0.358,0.333,0.838,-261,2025-26
1626181,Norman Powell,LAC,32.0,60,1957.9883333333328,1306,190,125,73,9,0.484,0.418,0.804,352,2025-26
1628384,OG Anunoby,NYK,27.0,74,2705.776666666666,1332,358,164,110,65,0.476,0.372,0.81,301,2025-26
1630167,Obi Toppin,IND,27.0,79,1544.815,833,318,128,46,28,0.529,0.365,0.781,-77,2025-26
1630534,Ochai Agbaji,TOR,25.0,64,1738.67,667,242,98,58,30,0.498,0.399,0.708,-214,2025-26
1641765,Olivier-Maxence Prosper,DAL,22.0,52,584.07,201,126,40,26,6,0.402,0.235,0.645,-104,2025-26
1630168,Onyeka Okongwu,ATL,24.0,74,2063.9266666666667,988,660,168,69,68,0.567,0.324,0.759,40,2025-26
1631115,Orlando Robinson,TOR,24.0,44,769.8016666666666,303,220,77,17,16,0.444,0.327,0.771,-87,2025-26
1631131,Oscar Tshiebwe,UTA,25.0,14,255.17333333333332,107,122,9,13,1,0.6,0.0,0.742,-11,2025-26
1642345,Oso Ighodaro,PHX,22.0,61,1045.545,255,222,71,28,29,0.604,0.0,0.58,-21,2025-26
1631172,Ousmane Dieng,OKC,22.0,37,404.8416666666666,142,81,31,17,7,0.432,0.324,0.688,45,2025-26
1629023,P.J. Washington,DAL,26.0,57,1834.8583333333331,836,442,131,63,60,0.453,0.381,0.722,49,2025-26
1628408,PJ Dozier,MIN,28.0,9,34.916666666666664,7,5,5,1,0,0.667,0.667,0.167,-4,2025-26
1641790,PJ Hall,DEN,23.0,19,66.18333333333334,33,22,4,0,4,0.583,0.25,0.75,-2,2025-26
1642359,Pacôme Dadiet,NYK,19.0,18,111.17833333333331,30,18,5,3,2,0.323,0.316,0.667,-16,2025-26
1631094,Paolo Banchero,ORL,22.0,46,1581.53,1191,345,219,36,28,0.452,0.32,0.727,-21,2025-26
1627783,Pascal Siakam,IND,31.0,78,2547.853333333333,1578,540,263,70,42,0.519,0.389,0.734,312,2025-26
1626192,Pat Connaughton,MIL,32.0,41,602.8266666666667,216,109,70,9,11,0.469,0.321,0.774,-13,2025-26
1630311,Pat Spencer,GSW,28.0,39,249.61166666666668,98,46,48,14,3,0.406,0.227,0.733,-17,2025-26
1631116,Patrick Baldwin Jr.,LAC,22.0,24,106.74833333333332,53,25,3,3,2,0.543,0.565,0.5,29,2025-26
1630172,Patrick Williams,CHI,23.0,63,1576.3266666666666,566,237,124,48,32,0.397,0.353,0.723,-182,2025-26
201988,Patty Mills,LAC,36.0,29,320.655,111,22,26,13,3,0.375,0.347,0.929,-15,2025-26
202331,Paul George,PHI,35.0,41,1333.5933333333332,665,219,178,75,20,0.43,0.358,0.814,-83,2025-26
1630194,Paul Reed,DET,26.0,45,437.5366666666667,184,123,44,39,25,0.507,0.286,0.762,43,2025-26
1630202,Payton Pritchard,BOS,27.0,80,2270.875,1144,307,279,70,14,0.472,0.407,0.845,430,2025-26
1641796,Pelle Larsson,MIA,24.0,55,781.9466666666667,251,92,65,32,7,0.438,0.337,0.672,10,2025-26
1631250,Pete Nance,MIL,25.0,13,138.16666666666666,38,21,10,2,2,0.438,0.375,0.5,-14,2025-26
1631212,Peyton Watson,DEN,22.0,68,1655.7283333333332,551,233,94,48,93,0.477,0.353,0.693,-26,2025-26
1630173,Precious Achiuwa,NYK,25.0,57,1169.6133333333332,379,317,55,47,42,0.502,0.278,0.594,-48,2025-26
1629656,Quentin Grimes,PHI,25.0,75,2013.09,1092,324,228,74,22,0.467,0.385,0.757,-261,2025-26
1631245,Quenton Jackson,IND,26.0,28,381.03833333333336,162,44,53,21,5,0.475,0.375,0.775,-1,2025-26
1642366,Quinten Post,GSW,25.0,42,685.7566666666667,340,148,56,16,18,0.449,0.408,0.778,43,2025-26
1629628,RJ Barrett,TOR,25.0,58,1868.8033333333333,1223,366,314,46,17,0.468,0.35,0.63,-139,2025-26
1642484,RayJ Dennis,IND,24.0,11,70.38333333333334,30,12,14,7,2,0.333,0.286,1.0,44,2025-26
1641712,Rayan Rupert,POR,21.0,52,459.5416666666667,155,70,25,16,4,0.408,0.271,0.767,-86,2025-26
1641736,Reece Beekman,BKN,23.0,36,469.3033333333333,93,39,63,33,2,0.327,0.175,0.762,-117,2025-26
1642263,Reed Sheppard,HOU,21.0,52,654.3516666666667,229,78,75,35,17,0.351,0.338,0.813,-50,2025-26
202704,Reggie Jackson,PHI,35.0,31,383.9916666666667,136,42,45,16,3,0.391,0.338,0.778,-19,2025-26
1626158,Richaun Holmes,WAS,31.0,31,534.135,230,177,42,9,23,0.647,0.0,0.833,-36,2025-26
1641741,Ricky Council IV,PHI,23.0,73,1250.015,532,214,97,32,13,0.382,0.258,0.804,-159,2025-26
1642265,Rob Dillingham,MIN,20.0,49,515.975,219,50,98,20,1,0.441,0.338,0.533,19,2025-26
1629057,Robert Williams III,POR,27.0,20,351.33,116,118,21,13,33,0.641,0.333,0.882,-17,2025-26
1641842,Ronald Holland II,DET,19.0,81,1266.3216666666667,522,218,82,49,17,0.474,0.238,0.754,-55,2025-26
1626220,Royce O'Neale,PHX,32.0,75,1836.8733333333328,680,349,163,67,33,0.423,0.406,0.731,-155,2025-26
203497,Rudy Gobert,MIN,33.0,72,2388.423333333333,866,785,127,56,104,0.669,0.0,0.674,327,2025-26
1629060,Rui Hachimura,LAL,27.0,59,1868.825,775,295,83,45,26,0.509,0.413,0.77,158,2025-26
201566,Russell Westbrook,DEN,36.0,75,2092.2916666666665,994,370,457,106,37,0.449,0.323,0.661,-24,2025-26
1642346,Ryan Dunn,PHX,22.0,74,1410.4166666666667,511,267,57,44,40,0.43,0.311,0.487,-169,2025-26
1631157,Ryan Rollins,MIL,22.0,56,819.525,349,108,104,42,17,0.487,0.408,0.8,83,2025-26
1630573,Sam Hauser,BOS,27.0,71,1541.1333333333334,605,224,64,41,13,0.451,0.416,1.0,325,2025-26
1630241,Sam Merrill,CLE,29.0,71,1401.2816666666668,509,157,108,53,14,0.406,0.372,0.966,321,2025-26
1630572,Sandro Mamukelashvili,SAS,26.0,61,681.2083333333334,385,187,48,22,17,0.502,0.373,0.741,-28,2025-26
1630583,Santi Aldama,MEM,24.0,65,1659.6483333333333,811,416,188,52,29,0.483,0.368,0.691,149,2025-26
1630703,Scoot Henderson,POR,21.0,66,1759.0716666666667,837,198,335,68,13,0.419,0.354,0.767,-38,2025-26
1630567,Scottie Barnes,TOR,23.0,65,2134.13,1252,502,378,93,63,0.446,0.271,0.755,-130,2025-26
1630590,Scotty Pippen Jr.,MEM,24.0,79,1682.88,779,259,347,103,30,0.48,0.397,0.713,44,2025-26
203552,Seth Curry,CHA,34.0,68,1061.9566666666667,444,113,60,27,7,0.478,0.456,0.846,-171,2025-26
1631101,Shaedon Sharpe,POR,22.0,72,2252.33,1335,324,198,62,16,0.452,0.311,0.785,-138,2025-26
1628983,Shai Gilgeous-Alexander,OKC,26.0,76,2597.63,2484,379,486,131,77,0.519,0.375,0.898,918,2025-26
1629003,Shake Milton,LAL,28.0,57,836.2766666666666,315,104,102,25,4,0.453,0.358,0.797,-118,2025-26
1631321,Sidy Cissoko,POR,21.0,22,114.46333333333334,32,21,15,2,1,0.433,0.231,0.333,8,2025-26
1631323,Simone Fontecchio,DET,29.0,75,1236.6816666666666,446,215,65,31,12,0.402,0.335,0.833,16,2025-26
203915,Spencer Dinwiddie,DAL,32.0,79,2136.085,872,209,349,70,17,0.416,0.334,0.802,-222,2025-26
1642461,Spencer Jones,DEN,24.0,20,124.625,26,17,5,5,5,0.324,0.059,1.0,-45,2025-26
1630649,Stanley Umude,MIL,26.0,22,85.77666666666667,15,17,4,3,6,0.192,0.2,0.5,-15,2025-26
201939,Stephen Curry,GSW,37.0,70,2252.45,1718,310,421,80,30,0.448,0.397,0.933,299,2025-26
1642264,Stephon Castle,SAS,20.0,81,2162.0216666666665,1190,297,332,74,22,0.428,0.285,0.724,-239,2025-26
203500,Steven Adams,HOU,31.0,58,794.0666666666667,225,327,66,22,28,0.545,0.0,0.462,172,2025-26
1629004,Svi Mykhailiuk,UTA,28.0,38,760.3066666666666,334,90,76,19,7,0.391,0.345,0.8,-106,2025-26
204456,T.J. McConnell,IND,33.0,79,1415.4333333333334,720,193,351,83,21,0.519,0.306,0.74,-56,2025-26
201959,Taj Gibson,CHA,40.0,37,408.85,107,120,21,9,18,0.495,0.5,0.6,-124,2025-26
1629659,Talen Horton-Tucker,CHI,24.0,58,723.695,379,100,83,21,11,0.457,0.336,0.735,19,2025-26
1631106,Tari Eason,HOU,24.0,57,1420.1933333333334,686,362,83,97,50,0.487,0.342,0.76,145,2025-26
1627752,Taurean Prince,MIL,31.0,80,2165.86,656,287,155,76,15,0.457,0.439,0.813,-22,2025-26
1629611,Terance Mann,ATL,28.0,67,1414.25,517,199,121,47,15,0.496,0.368,0.691,-95,2025-26
1630545,Terrence Shannon Jr.,MIN,24.0,32,338.8283333333333,138,47,32,7,5,0.482,0.355,0.81,11,2025-26
1626179,Terry Rozier,MIA,31.0,64,1658.22,679,238,167,37,14,0.391,0.295,0.852,-141,2025-26
1628418,Thomas Bryant,IND,27.0,66,963.0166666666668,429,251,53,28,41,0.508,0.324,0.859,-37,2025-26
1642275,Tidjane Salaün,CHA,19.0,60,1244.3533333333332,353,280,74,29,14,0.33,0.283,0.713,-321,2025-26
203501,Tim Hardaway Jr.,DET,33.0,77,2152.795,844,183,123,38,7,0.406,0.368,0.855,25,2025-26
202699,Tobias Harris,DET,32.0,73,2305.4133333333334,1002,432,162,74,57,0.477,0.345,0.861,187,2025-26
1628396,Tony Bradley,IND,27.0,14,112.73833333333332,61,42,6,2,9,0.644,0.333,0.333,44,2025-26
1628470,Torrey Craig,BOS,34.0,26,313.94666666666666,108,73,17,8,12,0.422,0.364,0.667,-49,2025-26
1641787,Tosan Evbuomwan,BKN,24.0,28,664.93,267,120,55,24,10,0.427,0.312,0.753,-66,2025-26
1641739,Toumani Camara,POR,25.0,78,2548.0516666666667,882,450,175,116,50,0.458,0.375,0.722,-114,2025-26
1629027,Trae Young,ATL,26.0,76,2739.06,1841,236,880,91,12,0.411,0.34,0.875,34,2025-26
1631218,Trayce Jackson-Davis,GSW,25.0,62,966.7866666666666,407,311,104,23,38,0.576,0.0,0.578,-61,2025-26
1630200,Tre Jones,CHI,25.0,46,904.9716666666668,330,116,192,37,10,0.538,0.396,0.821,-31,2025-26
1630544,Tre Mann,CHA,24.0,13,319.045,183,38,39,7,4,0.435,0.4,0.905,-55,2025-26
1630570,Trendon Watford,BKN,24.0,44,912.6766666666666,450,160,115,27,12,0.469,0.33,0.762,-65,2025-26
1630243,Trevelin Queen,ORL,28.0,31,430.28,152,54,38,31,10,0.381,0.286,0.857,-86,2025-26
1641725,Trey Alexander,DEN,22.0,24,117.22166666666666,32,12,11,2,1,0.317,0.176,0.75,-25,2025-26
1641998,Trey Jemison III,LAL,25.0,38,392.0233333333333,95,105,16,9,15,0.554,0.0,0.394,-18,2025-26
1626168,Trey Lyles,SAC,29.0,69,1349.5216666666668,451,316,82,41,23,0.42,0.34,0.7,-70,2025-26
1630530,Trey Murphy III,NOP,25.0,53,1854.23,1124,268,188,56,39,0.454,0.361,0.887,-384,2025-26
202684,Tristan Thompson,CLE,34.0,40,328.17,69,134,24,2,11,0.437,0.0,0.233,-85,2025-26
1641774,Tristan Vukcevic,WAS,22.0,35,512.51,330,130,39,11,23,0.496,0.373,0.776,-125,2025-26
1641783,Tristan da Silva,ORL,24.0,74,1628.611666666667,533,245,113,33,18,0.412,0.335,0.873,-127,2025-26
1641803,Tristen Newton,MIN,24.0,8,16.145,3,4,2,1,0,0.125,0.0,1.0,-5,2025-26
1629660,Ty Jerome,CLE,27.0,70,1392.4,878,173,237,78,3,0.516,0.439,0.872,302,2025-26
1631102,TyTy Washington Jr.,PHX,23.0,16,118.34833333333331,35,13,16,3,0,0.311,0.19,0.5,2,2025-26
1629639,Tyler Herro,MIA,25.0,77,2725.08,1840,399,424,69,17,0.472,0.375,0.878,99,2025-26
1642278,Tyler Kolek,NYK,24.0,41,296.15166666666664,81,27,70,12,4,0.329,0.298,0.765,-1,2025-26
1641890,Tyler Smith,MIL,20.0,23,121.57333333333334,67,25,4,3,4,0.48,0.433,0.75,8,2025-26
1630169,Tyrese Haliburton,IND,25.0,73,2450.391666666667,1359,258,673,105,49,0.473,0.388,0.851,222,2025-26
1631213,Tyrese Martin,BKN,26.0,60,1315.32,523,219,122,34,9,0.406,0.351,0.793,-258,2025-26
1630178,Tyrese Maxey,PHI,24.0,52,1960.195,1369,174,317,91,21,0.437,0.337,0.879,-124,2025-26
1626145,Tyus Jones,PHX,29.0,81,2173.516666666667,829,196,429,69,8,0.448,0.414,0.895,-92,2025-26
203995,Vasilije Micic,PHX,31.0,41,784.9083333333333,269,89,128,15,0,0.348,0.36,0.829,-122,2025-26
1641705,Victor Wembanyama,SAS,21.0,46,1527.253333333333,1116,506,168,52,176,0.476,0.352,0.836,102,2025-26
1631246,Vince Williams Jr.,MEM,24.0,27,498.5466666666667,179,98,55,12,7,0.401,0.274,0.792,6,2025-26
1628427,Vlatko Čančar,DEN,28.0,13,135.82833333333335,24,32,9,3,2,0.385,0.267,0.0,-18,2025-26
1630249,Vít Krejčí,ATL,25.0,57,1152.631666666667,412,156,147,36,26,0.497,0.437,0.711,-66,2025-26
1631117,Walker Kessler,UTA,23.0,58,1740.32,641,707,97,36,138,0.663,0.176,0.52,-329,2025-26
1628976,Wendell Carter Jr.,ORL,26.0,68,1758.2683333333334,618,492,134,52,41,0.46,0.234,0.737,-13,2025-26
1631111,Wendell Moore Jr.,CHA,23.0,36,498.9166666666667,150,95,42,20,5,0.468,0.341,0.818,-134,2025-26
1630214,Xavier Tillman,BOS,26.0,33,230.9033333333333,34,43,7,11,5,0.245,0.156,0.75,-12,2025-26
1642530,Yuki Kawamura,MEM,24.0,22,92.66666666666669,36,12,19,2,0,0.367,0.304,0.778,27,2025-26
1642274,Yves Missi,NOP,21.0,73,1955.79,665,601,99,37,98,0.547,0.0,0.623,-514,2025-26
1642258,Zaccharie Risacher,ATL,20.0,75,1843.3866666666668,942,268,92,52,37,0.458,0.355,0.711,-121,2025-26
1628380,Zach Collins,CHI,27.0,64,977.06,407,288,111,29,29,0.507,0.302,0.885,-29,2025-26
1641744,Zach Edey,MEM,23.0,66,1415.765,610,548,65,36,85,0.58,0.346,0.709,164,2025-26
203897,Zach LaVine,SAC,30.0,74,2602.48,1724,315,310,58,12,0.511,0.446,0.825,-70,2025-26
1630192,Zeke Nnaji,DEN,24.0,57,607.9666666666667,184,90,23,25,38,0.496,0.327,0.614,-23,2025-26
1630533,Ziaire Williams,BKN,23.0,63,1541.4033333333334,632,287,84,62,28,0.412,0.341,0.821,-330,2025-26
1629627,Zion Williamson,NOP,24.0,30,857.2766666666666,737,216,159,37,27,0.567,0.231,0.656,-42,2025-26
