player_id,player_name,team,age,gp,minutes,points,rebounds,assists,steals,blocks,fg_pct,fg3_pct,ft_pct,plus_minus,season,name_norm,source,salary,guaranteed
1627736.0,Malik Beasley,DET,28.0,82.0,2282.9466666666667,1336.0,214.0,139.0,73.0,5.0,0.43,0.416,0.679,175.0,2025-26,malik beasley,stats,,
1641842.0,Ronald Holland II,DET,19.0,81.0,1266.3216666666667,522.0,218.0,82.0,49.0,17.0,0.474,0.238,0.754,-55.0,2025-26,ronald holland,stats,,
203915.0,Spencer Dinwiddie,DAL,32.0,79.0,2136.085,872.0,209.0,349.0,70.0,17.0,0.416,0.334,0.802,-222.0,2025-26,spencer dinwiddie,stats,,
1641741.0,Ricky Council IV,PHI,23.0,73.0,1250.015,532.0,214.0,97.0,32.0,13.0,0.382,0.258,0.804,-159.0,2025-26,ricky council,stats,,
1626168.0,Trey Lyles,SAC,29.0,69.0,1349.5216666666668,451.0,316.0,82.0,41.0,23.0,0.42,0.34,0.7,-70.0,2025-26,trey lyles,stats,,
1630548.0,Johnny Juzang,UTA,24.0,64.0,1269.83,571.0,184.0,68.0,39.0,8.0,0.429,0.376,0.849,-357.0,2025-26,johnny juzang,stats,,
1630215.0,Jared Butler,PHI,24.0,60.0,1043.735,541.0,110.0,220.0,42.0,13.0,0.448,0.355,0.824,-131.0,2025-26,jared butler,stats,,
1629659.0,Talen Horton-Tucker,CHI,24.0,58.0,723.695,379.0,100.0,83.0,21.0,11.0,0.457,0.336,0.735,19.0,2025-26,talen hortontucker,stats,,
1629003.0,Shake Milton,LAL,28.0,57.0,836.2766666666666,315.0,104.0,102.0,25.0,4.0,0.453,0.358,0.797,-118.0,2025-26,shake milton,stats,,
1628998.0,Cody Martin,PHX,29.0,53.0,1173.2066666666667,358.0,224.0,105.0,56.0,32.0,0.418,0.285,0.705,-105.0,2025-26,cody martin,stats,,
1627732.0,Ben Simmons,LAC,28.0,51.0,1119.6933333333334,256.0,241.0,285.0,38.0,23.0,0.52,0.0,0.727,-56.0,2025-26,ben simmons,stats,,
202709.0,Cory Joseph,ORL,33.0,50.0,611.7333333333333,177.0,74.0,72.0,26.0,4.0,0.403,0.364,0.778,35.0,2025-26,cory joseph,stats,,
202692.0,Alec Burks,MIA,33.0,49.0,863.4966666666667,356.0,124.0,55.0,28.0,7.0,0.424,0.425,0.776,110.0,2025-26,alec burks,stats,,
1629610.0,DaQuan Jeffries,CHA,27.0,47.0,1071.506666666667,315.0,135.0,53.0,26.0,25.0,0.405,0.335,0.8,-276.0,2025-26,daquan jeffries,stats,,
203458.0,Alex Len,LAL,32.0,46.0,379.79,74.0,95.0,38.0,9.0,21.0,0.508,0.222,0.471,-153.0,2025-26,alex len,stats,,
1631115.0,Orlando Robinson,TOR,24.0,44.0,769.8016666666666,303.0,220.0,77.0,17.0,16.0,0.444,0.327,0.771,-87.0,2025-26,orlando robinson,stats,,
1641810.0,Antonio Reeves,NOP,24.0,44.0,659.5583333333333,305.0,63.0,39.0,21.0,4.0,0.456,0.395,0.8,-150.0,2025-26,antonio reeves,stats,,
1630231.0,KJ Martin,UTA,24.0,43.0,911.4983333333332,274.0,125.0,48.0,17.0,22.0,0.552,0.259,0.787,-142.0,2025-26,kj martin,stats,,
1630527.0,Brandon Boston,NOP,23.0,42.0,992.78,448.0,134.0,92.0,53.0,9.0,0.436,0.35,0.788,-140.0,2025-26,brandon boston,stats,,
1630288.0,Jeff Dowtin Jr.,PHI,28.0,41.0,620.77,285.0,60.0,78.0,24.0,12.0,0.487,0.4,0.733,-103.0,2025-26,jeff dowtin,stats,,
1626153.0,Delon Wright,NYK,33.0,40.0,634.4966666666667,125.0,66.0,77.0,35.0,12.0,0.344,0.274,0.6,1.0,2025-26,delon wright,stats,,
1630539.0,Kai Jones,DAL,24.0,40.0,468.37,198.0,125.0,25.0,15.0,23.0,0.798,0.2,0.719,-21.0,2025-26,kai jones,stats,,
1630556.0,Kessler Edwards,DAL,24.0,40.0,608.46,168.0,115.0,42.0,19.0,20.0,0.496,0.407,0.923,-158.0,2025-26,kessler edwards,stats,,
202684.0,Tristan Thompson,CLE,34.0,40.0,328.17,69.0,134.0,24.0,2.0,11.0,0.437,0.0,0.233,-85.0,2025-26,tristan thompson,stats,,
1641732.0,Colby Jones,WAS,23.0,39.0,514.6483333333333,157.0,87.0,44.0,26.0,13.0,0.457,0.327,0.657,-112.0,2025-26,colby jones,stats,,
1641998.0,Trey Jemison III,LAL,25.0,38.0,392.0233333333333,95.0,105.0,16.0,9.0,15.0,0.554,0.0,0.394,-18.0,2025-26,trey jemison,stats,,
1628464.0,Daniel Theis,NOP,33.0,38.0,621.2416666666667,162.0,164.0,60.0,18.0,20.0,0.473,0.243,0.838,-61.0,2025-26,daniel theis,stats,,
1631288.0,Jamal Cain,NOP,26.0,37.0,501.79833333333335,196.0,85.0,22.0,23.0,9.0,0.43,0.325,0.68,-132.0,2025-26,jamal cain,stats,,
1641745.0,Adam Flagler,OKC,25.0,37.0,202.965,65.0,27.0,12.0,8.0,3.0,0.26,0.194,0.5,7.0,2025-26,adam flagler,stats,,
201959.0,Taj Gibson,CHA,40.0,37.0,408.85,107.0,120.0,21.0,9.0,18.0,0.495,0.5,0.6,-124.0,2025-26,taj gibson,stats,,
1642354.0,KJ Simpson,CHA,22.0,36.0,842.0833333333334,282.0,109.0,112.0,34.0,6.0,0.346,0.254,0.82,-278.0,2025-26,kj simpson,stats,,
1629626.0,Bol Bol,PHX,25.0,36.0,448.48333333333335,244.0,104.0,22.0,9.0,25.0,0.525,0.344,0.769,-37.0,2025-26,bol bol,stats,,
1631111.0,Wendell Moore Jr.,CHA,23.0,36.0,498.9166666666667,150.0,95.0,42.0,20.0,5.0,0.468,0.341,0.818,-134.0,2025-26,wendell moore,stats,,
1641736.0,Reece Beekman,BKN,23.0,36.0,469.3033333333333,93.0,39.0,63.0,33.0,2.0,0.327,0.175,0.762,-117.0,2025-26,reece beekman,stats,,
1630699.0,MarJon Beauchamp,NYK,24.0,35.0,156.28166666666667,79.0,44.0,11.0,4.0,1.0,0.415,0.345,0.75,9.0,2025-26,marjon beauchamp,stats,,
1641774.0,Tristan Vukcevic,WAS,22.0,35.0,512.51,330.0,130.0,39.0,11.0,23.0,0.496,0.373,0.776,-125.0,2025-26,tristan vukcevic,stats,,
1631098.0,Johnny Davis,WAS,23.0,34.0,241.65833333333333,80.0,38.0,11.0,15.0,6.0,0.41,0.241,0.6,-26.0,2025-26,johnny davis,stats,,
1631223.0,David Roddy,HOU,24.0,33.0,409.7533333333333,153.0,84.0,35.0,14.0,9.0,0.456,0.311,0.769,-76.0,2025-26,david roddy,stats,,
1629629.0,Cam Reddish,LAL,25.0,33.0,589.45,105.0,66.0,22.0,33.0,10.0,0.404,0.277,0.615,-91.0,2025-26,cam reddish,stats,,
1642382.0,Branden Carlson,OKC,26.0,32.0,246.4033333333333,122.0,54.0,14.0,5.0,21.0,0.443,0.333,0.778,41.0,2025-26,branden carlson,stats,,
1630243.0,Trevelin Queen,ORL,28.0,31.0,430.28,152.0,54.0,38.0,31.0,10.0,0.381,0.286,0.857,-86.0,2025-26,trevelin queen,stats,,
1626158.0,Richaun Holmes,WAS,31.0,31.0,534.135,230.0,177.0,42.0,9.0,23.0,0.647,0.0,0.833,-36.0,2025-26,richaun holmes,stats,,
202704.0,Reggie Jackson,PHI,35.0,31.0,383.9916666666667,136.0,42.0,45.0,16.0,3.0,0.391,0.338,0.778,-19.0,2025-26,reggie jackson,stats,,
201988.0,Patty Mills,LAC,36.0,29.0,320.655,111.0,22.0,26.0,13.0,3.0,0.375,0.347,0.929,-15.0,2025-26,patty mills,stats,,
1641787.0,Tosan Evbuomwan,BKN,24.0,28.0,664.93,267.0,120.0,55.0,24.0,10.0,0.427,0.312,0.753,-66.0,2025-26,tosan evbuomwan,stats,,
1631245.0,Quenton Jackson,IND,26.0,28.0,381.03833333333336,162.0,44.0,53.0,21.0,5.0,0.475,0.375,0.775,-1.0,2025-26,quenton jackson,stats,,
1641721.0,Maxwell Lewis,BKN,22.0,28.0,327.68833333333333,116.0,55.0,19.0,9.0,7.0,0.417,0.38,0.7,-68.0,2025-26,maxwell lewis,stats,,
1630658.0,Colin Castleton,TOR,25.0,26.0,431.99,123.0,122.0,28.0,8.0,10.0,0.469,0.125,0.763,-30.0,2025-26,colin castleton,stats,,
1628470.0,Torrey Craig,BOS,34.0,26.0,313.94666666666666,108.0,73.0,17.0,8.0,12.0,0.422,0.364,0.667,-49.0,2025-26,torrey craig,stats,,
1630639.0,A.J. Lawson,TOR,24.0,26.0,486.41,236.0,86.0,31.0,13.0,6.0,0.421,0.327,0.683,-17.0,2025-26,aj lawson,stats,,
1641809.0,Drew Peterson,BOS,25.0,25.0,186.14666666666668,54.0,40.0,13.0,5.0,2.0,0.415,0.394,0.778,46.0,2025-26,drew peterson,stats,,
1627814.0,Damion Lee,PHX,32.0,25.0,144.01833333333337,83.0,20.0,11.0,6.0,0.0,0.365,0.243,0.952,25.0,2025-26,damion lee,stats,,
1641725.0,Trey Alexander,DEN,22.0,24.0,117.22166666666666,32.0,12.0,11.0,2.0,1.0,0.317,0.176,0.75,-25.0,2025-26,trey alexander,stats,,
203901.0,Elfrid Payton,NOP,31.0,24.0,510.805,85.0,79.0,166.0,24.0,11.0,0.328,0.167,0.571,-149.0,2025-26,elfrid payton,stats,,
1627763.0,Malcolm Brogdon,WAS,32.0,24.0,564.0766666666667,305.0,91.0,98.0,13.0,5.0,0.433,0.286,0.88,-121.0,2025-26,malcolm brogdon,stats,,
1642402.0,Enrique Freeman,IND,24.0,22.0,181.205,46.0,30.0,9.0,3.0,3.0,0.432,0.1,0.684,-19.0,2025-26,enrique freeman,stats,,
1642530.0,Yuki Kawamura,MEM,24.0,22.0,92.66666666666669,36.0,12.0,19.0,2.0,0.0,0.367,0.304,0.778,27.0,2025-26,yuki kawamura,stats,,
1630649.0,Stanley Umude,MIL,26.0,22.0,85.77666666666667,15.0,17.0,4.0,3.0,6.0,0.192,0.2,0.5,-15.0,2025-26,stanley umude,stats,,
1628365.0,Markelle Fultz,SAC,27.0,21.0,184.0583333333333,61.0,20.0,27.0,10.0,2.0,0.418,0.5,1.0,5.0,2025-26,markelle fultz,stats,,
1642505.0,Alex Ducas,OKC,24.0,21.0,125.34166666666668,36.0,26.0,5.0,5.0,0.0,0.4,0.476,1.0,-22.0,2025-26,alex ducas,stats,,
1641753.0,Chris Livingston,MIL,21.0,21.0,105.81,30.0,35.0,5.0,5.0,0.0,0.333,0.0,0.75,-29.0,2025-26,chris livingston,stats,,
1631209.0,Isaiah Wong,CHA,24.0,20.0,265.50333333333333,120.0,32.0,28.0,11.0,0.0,0.39,0.394,0.735,-6.0,2025-26,isaiah wong,stats,,
1630550.0,JT Thor,WAS,22.0,20.0,249.31666666666663,71.0,48.0,6.0,8.0,9.0,0.424,0.286,0.682,-96.0,2025-26,jt thor,stats,,
1631466.0,Nate Williams,HOU,26.0,20.0,146.62,65.0,13.0,9.0,8.0,4.0,0.435,0.231,0.625,-24.0,2025-26,nate williams,stats,,
1629022.0,Lonnie Walker IV,PHI,26.0,20.0,476.7033333333333,247.0,63.0,50.0,10.0,5.0,0.42,0.354,0.8,-142.0,2025-26,lonnie walker,stats,,
1630346.0,Matt Ryan,NOP,28.0,19.0,67.82166666666667,28.0,8.0,3.0,2.0,0.0,0.323,0.316,1.0,-40.0,2025-26,matt ryan,stats,,
1641790.0,PJ Hall,DEN,23.0,19.0,66.18333333333334,33.0,22.0,4.0,0.0,4.0,0.583,0.25,0.75,-2.0,2025-26,pj hall,stats,,
1631303.0,Justin Minaya,POR,26.0,19.0,100.67333333333332,18.0,10.0,7.0,6.0,1.0,0.381,0.2,0.0,-12.0,2025-26,justin minaya,stats,,
1628981.0,Bruno Fernando,TOR,26.0,17.0,146.58,58.0,51.0,18.0,4.0,9.0,0.531,0.0,0.75,-22.0,2025-26,bruno fernando,stats,,
1630205.0,Lamar Stevens,MEM,27.0,17.0,155.535,74.0,38.0,8.0,5.0,3.0,0.46,0.296,0.727,67.0,2025-26,lamar stevens,stats,,
1630537.0,Chris Duarte,CHI,28.0,17.0,74.46833333333333,36.0,20.0,9.0,0.0,0.0,0.462,0.4,0.75,12.0,2025-26,chris duarte,stats,,
1631210.0,Jacob Toppin,ATL,25.0,17.0,75.15,23.0,15.0,6.0,2.0,0.0,0.409,0.5,0.0,-25.0,2025-26,jacob toppin,stats,,
1641789.0,Jazian Gortman,DAL,22.0,16.0,56.61666666666667,24.0,5.0,6.0,2.0,1.0,0.391,0.364,0.5,11.0,2025-26,jazian gortman,stats,,
1641798.0,Jaylen Martin,WAS,21.0,16.0,238.6266666666667,78.0,44.0,17.0,9.0,0.0,0.419,0.304,0.9,-131.0,2025-26,jaylen martin,stats,,
1631102.0,TyTy Washington Jr.,PHX,23.0,16.0,118.34833333333331,35.0,13.0,16.0,3.0,0.0,0.311,0.19,0.5,2.0,2025-26,tyty washington,stats,,
1642024.0,Alex Reese,PHI,26.0,15.0,216.04666666666665,76.0,47.0,4.0,10.0,10.0,0.481,0.366,0.75,19.0,2025-26,alex reese,stats,,
1641720.0,Jalen Hood-Schifino,PHI,22.0,15.0,314.6766666666667,106.0,27.0,37.0,5.0,7.0,0.378,0.304,0.857,-96.0,2025-26,jalen hoodschifino,stats,,
1641878.0,Damion Baugh,CHA,24.0,15.0,370.4883333333333,109.0,50.0,56.0,15.0,2.0,0.323,0.214,0.867,-169.0,2025-26,damion baugh,stats,,
1642384.0,Isaiah Crawford,SAC,23.0,15.0,45.66666666666666,13.0,8.0,1.0,1.0,2.0,0.455,0.2,0.5,23.0,2025-26,isaiah crawford,stats,,
202693.0,Markieff Morris,LAL,35.0,15.0,164.43333333333334,56.0,23.0,21.0,2.0,3.0,0.3,0.25,0.833,-28.0,2025-26,markieff morris,stats,,
1631197.0,Jared Rhoden,TOR,25.0,14.0,226.16333333333333,118.0,42.0,16.0,10.0,2.0,0.483,0.308,0.88,64.0,2025-26,jared rhoden,stats,,
1631131.0,Oscar Tshiebwe,UTA,25.0,14.0,255.1733333333333,107.0,122.0,9.0,13.0,1.0,0.6,0.0,0.742,-11.0,2025-26,oscar tshiebwe,stats,,
1628995.0,Kevin Knox II,GSW,25.0,14.0,83.65666666666667,46.0,17.0,5.0,2.0,4.0,0.5,0.267,0.75,-3.0,2025-26,kevin knox,stats,,
1630528.0,Josh Christopher,MIA,23.0,14.0,69.35,28.0,9.0,8.0,5.0,3.0,0.355,0.182,0.667,-5.0,2025-26,josh christopher,stats,,
1631232.0,Keion Brooks Jr.,NOP,24.0,14.0,331.7816666666667,142.0,58.0,13.0,10.0,10.0,0.486,0.326,0.733,-145.0,2025-26,keion brooks,stats,,
1628427.0,Vlatko Čančar,DEN,28.0,13.0,135.82833333333335,24.0,32.0,9.0,3.0,2.0,0.385,0.267,0.0,-18.0,2025-26,vlatko cancar,stats,,
1631250.0,Pete Nance,MIL,25.0,13.0,138.16666666666666,38.0,21.0,10.0,2.0,2.0,0.438,0.375,0.5,-14.0,2025-26,pete nance,stats,,
1631311.0,Lester Quinones,NOP,24.0,13.0,183.36666666666667,86.0,19.0,24.0,3.0,2.0,0.397,0.295,0.846,-26.0,2025-26,lester quinones,stats,,
1629650.0,Moses Brown,DAL,25.0,13.0,118.57666666666668,76.0,44.0,2.0,6.0,4.0,0.694,0.0,0.727,-14.0,2025-26,moses brown,stats,,
1641857.0,Liam Robbins,MIL,25.0,13.0,56.96666666666667,9.0,12.0,2.0,2.0,2.0,0.25,0.0,0.5,-5.0,2025-26,liam robbins,stats,,
201949.0,James Johnson,IND,38.0,12.0,36.61666666666667,8.0,6.0,4.0,0.0,2.0,0.364,0.0,0.0,-9.0,2025-26,james johnson,stats,,
1631247.0,Luke Travers,CLE,23.0,12.0,87.86,12.0,20.0,8.0,1.0,1.0,0.25,0.0,1.0,-1.0,2025-26,luke travers,stats,,
1630283.0,Kylor Kelley,LAL,27.0,11.0,125.95666666666666,34.0,39.0,5.0,1.0,3.0,0.636,0.0,0.6,-75.0,2025-26,kylor kelley,stats,,
1642484.0,RayJ Dennis,IND,24.0,11.0,70.38333333333334,30.0,12.0,14.0,7.0,2.0,0.333,0.286,1.0,44.0,2025-26,rayj dennis,stats,,
1641734.0,Emoni Bates,CLE,21.0,10.0,74.78333333333333,37.0,7.0,8.0,1.0,1.0,0.342,0.367,0.0,-34.0,2025-26,emoni bates,stats,,
1630222.0,Mason Jones,SAC,26.0,10.0,45.391666666666666,23.0,9.0,11.0,0.0,1.0,0.5,0.125,0.8,1.0,2025-26,mason jones,stats,,
1631306.0,Cole Swider,IND,26.0,10.0,169.5,59.0,27.0,3.0,4.0,2.0,0.349,0.319,0.0,54.0,2025-26,cole swider,stats,,
1641989.0,Elijah Harkless,UTA,25.0,10.0,138.0,32.0,21.0,8.0,10.0,1.0,0.314,0.28,0.5,31.0,2025-26,elijah harkless,stats,,
1630542.0,Marcus Bagley,PHI,23.0,10.0,253.155,67.0,70.0,10.0,9.0,12.0,0.391,0.156,0.8,-84.0,2025-26,marcus bagley,stats,,
1641817.0,Anton Watson,NYK,24.0,9.0,22.166666666666668,8.0,3.0,2.0,1.0,0.0,0.444,0.0,0.0,-9.0,2025-26,anton watson,stats,,
1642422.0,Armel Traore,LAL,22.0,9.0,66.66666666666667,14.0,15.0,1.0,4.0,2.0,0.316,0.0,0.286,-49.0,2025-26,armel traore,stats,,
1629643.0,Chuma Okeke,CLE,26.0,9.0,196.68,53.0,47.0,15.0,5.0,4.0,0.5,0.393,0.667,-28.0,2025-26,chuma okeke,stats,,
203109.0,Jae Crowder,SAC,34.0,9.0,102.76166666666668,23.0,20.0,6.0,3.0,0.0,0.318,0.267,0.833,-18.0,2025-26,jae crowder,stats,,
1629098.0,Jack McVeigh,HOU,29.0,9.0,43.25,14.0,5.0,1.0,0.0,2.0,0.294,0.308,0.0,-10.0,2025-26,jack mcveigh,stats,,
1628408.0,PJ Dozier,MIN,28.0,9.0,34.916666666666664,7.0,5.0,5.0,1.0,0.0,0.667,0.667,0.167,-4.0,2025-26,pj dozier,stats,,
1641803.0,Tristen Newton,MIN,24.0,8.0,16.145,3.0,4.0,2.0,1.0,0.0,0.125,0.0,1.0,-5.0,2025-26,tristen newton,stats,,
1626196.0,Josh Richardson,MIA,31.0,8.0,149.49,32.0,12.0,12.0,8.0,1.0,0.289,0.273,1.0,-31.0,2025-26,josh richardson,stats,,
1629669.0,Jaylen Nowell,WAS,25.0,8.0,168.075,67.0,20.0,18.0,1.0,4.0,0.356,0.296,0.636,-42.0,2025-26,jaylen nowell,stats,,
1641779.0,Jalen Bridges,PHX,24.0,8.0,30.37333333333333,9.0,4.0,0.0,0.0,0.0,0.286,0.286,0.75,7.0,2025-26,jalen bridges,stats,,
,Cooper Flagg,DAL,,,,,,,,,,,,,2025-26,cooper flagg,contracts,13825920.0,28343400.0
,Dylan Harper,SAS,,,,,,,,,,,,,2025-26,dylan harper,contracts,12370320.0,25359360.0
,VJ Edgecombe,PHI,,,,,,,,,,,,,2025-26,vj edgecombe,contracts,11108880.0,22772760.0
,Isaiah Jackson,LAC,,,,,,,,,,,,,2025-26,isaiah jackson,contracts,7600000.0,21000000.0
,Kon Knueppel,CHO,,,,,,,,,,,,,2025-26,kon knueppel,contracts,10015680.0,20532240.0
,Ace Bailey,UTA,,,,,,,,,,,,,2025-26,ace bailey,contracts,9069840.0,18592920.0
,Ron Holland,DET,,,,,,,,,,,,,2025-26,ron holland,contracts,8657280.0,17726880.0
,Tre Johnson,WAS,,,,,,,,,,,,,2025-26,tre johnson,contracts,8237640.0,16887240.0
,Jeremiah Fears,NOP,,,,,,,,,,,,,2025-26,jeremiah fears,contracts,7520040.0,15416280.0
,Egor Dёmin,BRK,,,,,,,,,,,,,2025-26,egor dеmin,contracts,6889200.0,14122920.0
,Taylor Hendricks,MEM,,,,,,,,,,,,,2025-26,taylor hendricks,contracts,6127080.0,13932980.0
,Collin Murray-Boyles,TOR,,,,,,,,,,,,,2025-26,collin murrayboyles,contracts,6332520.0,12982080.0
,Saddiq Bey,NOP,,,,,,,,,,,,,2025-26,saddiq bey,contracts,6118644.0,12559322.0
,Nassir Little,PHO,,,,,,,,,,,,,2025-26,nassir little,contracts,3107143.0,12428572.0
,Khaman Maluach,PHO,,,,,,,,,,,,,2025-26,khaman maluach,contracts,6016080.0,12332760.0
,Cedric Coward,MEM,,,,,,,,,,,,,2025-26,cedric coward,contracts,5715120.0,11716200.0
,Noa Essengue,CHI,,,,,,,,,,,,,2025-26,noa essengue,contracts,5429520.0,11130720.0
,Nikola Topić,OKC,,,,,,,,,,,,,2025-26,nikola topic,contracts,5182920.0,10612680.0
,Derik Queen,NOP,,,,,,,,,,,,,2025-26,derik queen,contracts,5157960.0,10574040.0
,Carter Bryant,SAS,,,,,,,,,,,,,2025-26,carter bryant,contracts,4900320.0,10045680.0
,Thomas Sorber,OKC,,,,,,,,,,,,,2025-26,thomas sorber,contracts,4655040.0,9542760.0
,Yang Hansen,POR,,,,,,,,,,,,,2025-26,yang hansen,contracts,4422360.0,9065880.0
,Joan Beringer,MIN,,,,,,,,,,,,,2025-26,joan beringer,contracts,4201080.0,8612280.0
,Walter Clayton,MEM,,,,,,,,,,,,,2025-26,walter clayton,contracts,3991320.0,8181840.0
,Nolan Traoré,BRK,,,,,,,,,,,,,2025-26,nolan traore,contracts,3811560.0,7813560.0
,Kasparas Jakučionis,MIA,,,,,,,,,,,,,2025-26,kasparas jakucionis,contracts,3658800.0,7500480.0
,Will Riley,WAS,,,,,,,,,,,,,2025-26,will riley,contracts,3512520.0,7200840.0
,Drake Powell,BRK,,,,,,,,,,,,,2025-26,drake powell,contracts,3372240.0,6912840.0
,Asa Newell,ATL,,,,,,,,,,,,,2025-26,asa newell,contracts,3237480.0,6636960.0
,JaVale McGee,DAL,,,,,,,,,,,,,2025-26,javale mcgee,contracts,2208856.0,6626568.0
,DaRon Holmes,DEN,,,,,,,,,,,,,2025-26,daron holmes,contracts,3218760.0,6590880.0
,Nique Clifford,SAC,,,,,,,,,,,,,2025-26,nique clifford,contracts,3108120.0,6371520.0
,Jase Richardson,ORL,,,,,,,,,,,,,2025-26,jase richardson,contracts,2983320.0,6115680.0
,Rasheer Fleming,PHO,,,,,,,,,,,,,2025-26,rasheer fleming,contracts,1272870.0,5949688.0
,Ben Saraf,BRK,,,,,,,,,,,,,2025-26,ben saraf,contracts,2884560.0,5913120.0
,Danny Wolf,BRK,,,,,,,,,,,,,2025-26,danny wolf,contracts,2801280.0,5742720.0
,Hugo González,BOS,,,,,,,,,,,,,2025-26,hugo gonzalez,contracts,2783880.0,5707440.0
,Liam McNeeley,CHO,,,,,,,,,,,,,2025-26,liam mcneeley,contracts,2763960.0,5666040.0
,Yanic Konan Niederhäuser,LAC,,,,,,,,,,,,,2025-26,yanic konan niederhauser,contracts,2743800.0,5624760.0
,Ryan Kalkbrenner,CHO,,,,,,,,,,,,,2025-26,ryan kalkbrenner,contracts,2296274.0,4707364.0
,Sion James,CHO,,,,,,,,,,,,,2025-26,sion james,contracts,2296274.0,4707364.0
,Daniss Jenkins,DET,,,,,,,,,,,,,2025-26,daniss jenkins,contracts,3809524.0,3809524.0
,Chaz Lanier,DET,,,,,,,,,,,,,2025-26,chaz lanier,contracts,1372870.0,3523787.0
,Noah Penda,ORL,,,,,,,,,,,,,2025-26,noah penda,contracts,1272870.0,3423787.0
,Maxime Raynaud,SAC,,,,,,,,,,,,,2025-26,maxime raynaud,contracts,1272870.0,3423787.0
,Will Richard,GSW,,,,,,,,,,,,,2025-26,will richard,contracts,1272870.0,3423787.0
,Micah Peavy,NOP,,,,,,,,,,,,,2025-26,micah peavy,contracts,1272870.0,3423787.0
,Adou Thiero,LAL,,,,,,,,,,,,,2025-26,adou thiero,contracts,1272870.0,3423787.0
,Tyrese Proctor,CLE,,,,,,,,,,,,,2025-26,tyrese proctor,contracts,1272870.0,3423787.0
,Johni Broome,PHI,,,,,,,,,,,,,2025-26,johni broome,contracts,1272870.0,3423787.0
,Nae'Qwan Tomlin,CLE,,,,,,,,,,,,,2025-26,naeqwan tomlin,contracts,718150.0,3129240.0
,De'Anthony Melton,GSW,,,,,,,,,,,,,2025-26,deanthony melton,contracts,3080921.0,3080921.0
,Amari Williams,BOS,,,,,,,,,,,,,2025-26,amari williams,contracts,490128.0,2641045.0
,Thanasis Antetokounmpo,MIL,,,,,,,,,,,,,2025-26,thanasis antetokounmpo,contracts,2296274.0,2296274.0
,Nigel Hayes-Davis,MIL,,,,,,,,,,,,,2025-26,nigel hayesdavis,contracts,2048494.0,2048494.0
,Nikola Djurisic,ATL,,,,,,,,,,,,,2025-26,nikola djurisic,contracts,1272870.0,1272870.0
,Kam Jones,IND,,,,,,,,,,,,,2025-26,kam jones,contracts,1272870.0,1272870.0
,Mohamed Diawara,NYK,,,,,,,,,,,,,2025-26,mohamed diawara,contracts,1272870.0,1272870.0
,James Wiseman,IND,,,,,,,,,,,,,2025-26,james wiseman,contracts,1131970.0,1131970.0
,Didi Louzada,POR,,,,,,,,,,,,,2025-26,didi louzada,contracts,268032.0,1072128.0
,Mamadi Diakite,MEM,,,,,,,,,,,,,2025-26,mamadi diakite,contracts,464050.0,928100.0
,Ricky Rubio,CLE,,,,,,,,,,,,,2025-26,ricky rubio,contracts,424672.0,849344.0
,Kobe Sanders,LAC,,,,,,,,,,,,,2025-26,kobe sanders,contracts,475497.0,475497.0
,Myron Gardner,MIA,,,,,,,,,,,,,2025-26,myron gardner,contracts,395029.0,395029.0
,Killian Hayes,SAC,,,,,,,,,,,,,2025-26,killian hayes,contracts,263940.0,263940.0
,Mac McClung,IND,,,,,,,,,,,,,2025-26,mac mcclung,contracts,164060.0,164060.0
,Alondes Williams,WAS,,,,,,,,,,,,,2025-26,alondes williams,contracts,131970.0,131970.0
,Skal Labissière,WAS,,,,,,,,,,,,,2025-26,skal labissiere,contracts,131970.0,131970.0
,Malachi Smith,BRK,,,,,,,,,,,,,2025-26,malachi smith,contracts,73153.0,115803.0
,Lawson Lovering,MEM,,,,,,,,,,,,,2025-26,lawson lovering,contracts,87784.0,87784.0
,Keshon Gilbert,WAS,,,,,,,,,,,,,2025-26,keshon gilbert,contracts,73153.0,73153.0
,Kadary Richmond,WAS,,,,,,,,,,,,,2025-26,kadary richmond,contracts,73153.0,73153.0
,Gabe McGlothan,IND,,,,,,,,,,,,,2025-26,gabe mcglothan,contracts,73153.0,73153.0
,Grant Nelson,BRK,,,,,,,,,,,,,2025-26,grant nelson,contracts,73153.0,73153.0
,John Tonje,BOS,,,,,,,,,,,,,2025-26,john tonje,contracts,73153.0,73153.0
,N'Faly Dante,ATL,,,,,,,,,,,,,2025-26,nfaly dante,contracts,2048494.0,
